website,phones,social_links
https://domain,[],[]
https://bostonzen.org,[],[]
https://mazautoglass.com,"['2025-04-02 15', '169.150.199.100']",[]
https://melatee.com,[],[]
https://timent.com,[],[]
https://tlalocrivas.com,[],[]
https://creativebusinessassociates.com,['310-650-6862'],['https://www.facebook.com/paula.easton']
https://cumberland-river.com,['2024 \n\n\n\n\n\n\n \n\n\n3'],[]
https://verdantporch.com,[],[]
https://workitstudio.com,[],[]
https://coffee-homemachines.club,[],[]
https://mendiolagardening.com,[],[]
https://thestonenc.com,[],"['https://www.facebook.com/thestonenc', 'https://www.instagram.com/thestonech/']"
https://kansaslimousin.org,"['1235892853935518', '620-432-5056', '66710 \n      620-432-5056']","['https://www.facebook.com/groups/1235892853935518/', 'https://www.facebook.com/groups/294431518392859/user/1483456138/?__cft__%5b0%5d=AZUHMermbSGOCqsTa2CUw-C3RjZHRYoqHY5zxofYh9cPVLmj8oovH-ozQ8Az2pl-qEBLQkYfTipIbB4ljFZlj5IbZq8M64Cs76vBohtKhUkPh_r2JcYW9Vp8nByochGu4Ogyg3-7aPEnZtlSnHHAXPo3RLUrj7WQ5oSijTWRv8Ob8_9t3oXuz5YSp4Y_z5bs4iI&__tn__=-%5dK-R']"
https://kkcger.com,[],[]
https://maddux.pro,[],[]
https://ohanaconsulting.net,['949) 230-7919'],[]
https://postmodern-strings.com,"['956 280 6706', '2022-07-11']",[]
https://takapartners.com,['818.583.7033'],[]
https://techbarstore.com,[],[]
https://top-salon-hair-salon.business.site,[],[]
https://dolee-rentals.com,[],[]
https://kns-construction.com,[],[]
https://timothyburger.com,[],[]
https://trueaudio.com,"['865-494-3388', '1990-2024']",[]
https://venturemediaagency.com,['732-535-4027'],"['https://www.facebook.com/venturemediadigital/', 'https://www.instagram.com/venturemediadigital/']"
https://garrettwietholter.com,"['309-622-5001', '317) 873-8958', '61710-0001', '46075 \n\n\n\n\n\n\n\n\n\n\n\n\n\n\n\n\n\n\n\n\n\n\n\n\n\n\n\n\n\n\n\n\n\n\n\n\n\n\n\n\n\n\n\n\n\n\n\n\n\n\n\n\n\n\n\n\n\n\n\n\n                        5', '317) 873-3230']","['https://www.facebook.com/153341281385570', 'https://www.linkedin.com/in/garrett-wietholter-b5037a88', 'https://www.facebook.com/153341281385570', 'https://www.linkedin.com/in/garrett-wietholter-b5037a88', 'https://www.facebook.com/153341281385570', 'https://www.linkedin.com/in/garrett-wietholter-b5037a88', 'https://www.facebook.com/153341281385570', 'https://www.linkedin.com/in/garrett-wietholter-b5037a88']"
https://nashvilleucc.org,[],[]
https://outforlifeministries.com,[],[]
https://phack.org,[],"['https://www.facebook.com/PHackCon', 'https://twitter.com/PHackCon', 'https://www.instagram.com/pacifichackersca', 'https://www.linkedin.com/company/pacific-hackers-conference']"
https://potomaccanine.com,[],[]
https://azureskies.com,[],[]
https://couplescounselingatlanta.com,[],[]
https://philstreeppc.com,[],[]
https://romanthumbs.com,[],[]
https://topcropalliance.com,['812-614-0436'],"['https://twitter.com/brianbbbush', 'https://www.facebook.com/topcropagronomy', 'https://twitter.com/brianbbbush', 'https://www.facebook.com/topcropagronomy']"
https://smilesbygateway.com,['817-858-6333'],[]
https://solarecon.wordpress.com,[],[]
https://johnstons-clothiers.business.site,[],[]
https://ohhappydayshatchetthrowing.com,[],[]
https://plumbingbydlt.com,['713-979-8345'],['https://www.facebook.com/Plumbing-By-DLT-217036568422674/']
https://completecaredevelopmentcenter.com,"['513-910-4998', '513-761-2232']",['https://www.facebook.com/CompleteCareDevelopment/']
https://kaleofamilies.org,[],[]
https://monahanclinics.com,"['32080904-824-8353', '904-824-8353', '32177386-328-2710']","['https://www.instagram.com/monahanchiro_medical/', 'https://www.facebook.com/MonahanClinics']"
https://samantharaiderbrown.com,[],[]
https://beagibbons.com,[],[]
https://getranx.com,[],[]
https://iam-boeing.com,[],[]
https://roux30a.com,['850) 213-0899'],"['https://www.facebook.com/Roux30a', 'https://www.instagram.com/roux30a/']"
https://1laurellane.com,[],[]
https://airprofork.com,[],[]
https://candybartending.com,[],"['https://www.facebook.com/Candythebartender', 'https://www.instagram.com/candybar_bartender/']"
https://kelleyroadrace.com,[],[]
https://marrs-jonesfuneralhome.com,[],[]
https://motherssoontobe.com,[],[]
https://palla-siding-and-windows.business.site,[],[]
https://propertyguysnj.com,[],[]
https://rcgglobaltv.com,[],[]
https://rlosrivera.com,[],[]
https://starcomconsulting.com,[],[]
https://torget.org,['940-369-5116'],[]
https://cancersupportdelaware.org,"['19971\n302-645-9150', '19807\n302-995-2850', '19904\n302-734-0898', '19709\n302-734-0898']","['https://www.facebook.com/CancerSupportDE/', 'https://twitter.com/CancerSupportDE', 'https://www.instagram.com/cancersupportde/', 'https://www.linkedin.com/company/cancer-support-community-delaware/', 'https://www.facebook.com/CancerSupportDE/', 'https://twitter.com/CancerSupportDE', 'https://www.instagram.com/cancersupportde/', 'https://www.linkedin.com/company/cancer-support-community-delaware/']"
https://cryptohomiesclub.io,['1986-2025'],"['https://twitter.com/CRYPTOHOMIES_', 'https://twitter.com/CRYPTOHOMIES_', 'https://twitter.com/CRYPTOHOMIES_', 'https://www.instagram.com/cryptohomies_/', 'https://www.facebook.com/cryptohomiesnft']"
https://jessicaashwellness.com,[],[]
https://pctouchservices.com,[],[]
https://sharonkinghoge.com,[],['https://twitter.com/SharonKingHoge']
https://steppir.com,[],[]
https://highwayonerealestate.com,[],[]
https://minastollery.com,[],[]
https://amwindowcleaning.org,[],[]
https://cincyscrubs.com,"['513-939-6007', '513-939-6007\n\n\n\n\n\n0']","['https://www.facebook.com/cincyscrubs/', 'https://www.instagram.com/@CincyScrubs']"
https://figlass.biz,['845-354-6074\n631-583-5644'],[]
https://horizons.church,"['47-0808100', '402-512-5700']","['https://www.facebook.com/HorizonsCommunityChurch/', 'https://www.instagram.com/horizons_community_church/', 'https://www.facebook.com/groups/366999870521503/']"
https://mygoodhorse.weebly.com,[],[]
https://wombatworks.org,[],[]
https://yourhairdynasty.com,[],"['https://www.instagram.com/yourhairdynasty', 'https://www.facebook.com/yourhairdynasty', 'https://www.twitter.com/yourhairdynasty', 'https://www.instagram.com/yourhairdynasty', 'https://www.facebook.com/yourhairdynasty', 'https://www.twitter.com/yourhairdynasty']"
https://alpha-research-associates-research-institute.business.site,[],[]
https://annarborhomesrealtor.com,[],[]
https://astepabovemb.com,"['843. 606. 0758', '2015-2016']","['https://www.facebook.com/A-Step-Above-Flooring-810287332403927/', 'https://twitter.com/AStepAboveMB', 'https://instagram.com/astepaboveflooring/']"
https://buchanan-edwards.online,[],[]
https://busiup.com,[],[]
https://clockinc.org,['309-558-0956'],"['http://facebook.com/clock.inc.qc', 'https://www.instagram.com/clockinclgbt/', 'https://twitter.com/clockincLGBT', 'https://www.linkedin.com/in/clockinc/', 'https://www.facebook.com/designs.chasing']"
https://oceancurrent.com,"['39810175434934', '42214266929334', '41588990967990', '42085728059574', '39810174124214', '42083851305142', '42214319358134', '41808298541238', '39810174419126', '42111333138614', '42083778003126', '42085728026806', '41719670964406', '41709993164982', '39810174386358', '39810175500470', '39810173370550', '39810176647350', '41764051845302', '41719668474038', '41808267182262', '41596074590390', '42083861364918', '41808282517686', '41596074557622', '42083861430454', '42214319423670', '42083787309238', '41596074623158', '41719750099126', '42111291097270', '42083523231926', '39810174582966', '42083777970358', '39810173468854', '41808282484918', '42214258081974', '41697411137718', '41719758422198', '41719745413302', '39810174615734', '41808308207798', '42111333204150', '41764051910838', '39810174353590', '41697413497014', '41588991000758', '41719671029942', '41764048830646', '41764048732342', '42083638837430', '39810176581814', '42214258049206', '42083851337910', '41753452871862', '41719610900662', '41753452773558', '39810173403318', '39810175533238', '41764051943606', '42111333171382', '41763974906038', '42083777937590', '41697908621494', '41753452904630', '41719610867894', '42214266896566', '39810174025910', '42214257983670', '41719758520502', '41763986735286', '42083851403446', '42083787276470', '42111333105846', '42214348521654', '42214319390902', '41719668375734', '41763974971574', '39810173599926', '41869736444086', '41709993197750', '41719610835126', '41697411203254', '39810173436086', '41719670997174', '42083523330230', '41719750131894', '41697413464246', '39810173567158', '41697908588726', '41709993230518', '41808282419382', '41808308240566', '39810176385206', '42083861397686', '41596074655926', '42083638935734', '41808308142262', '42083778035894', '41719758454966', '39810176417974', '39810175467702', '42214348456118', '39810174550198', '39810174058678', '41753452839094', '41753452806326', '41697411170486', '41588991033526', '42214258016438', '41588821065910', '41719668441270', '41808308175030', '41763974873270', '41719610933430', '42111291130038', '41697406714038', '41719745478838', '41763986669750', '41697908523190', '41808282452150', '39810176680118', '41763986702518', '42083787374774', '41719670931638', '41808298442934', '41697908555958', '42083861332150', '42083523264694', '41588820967606', '41719668408502', '42085728092342', '41697406779574', '41808267149494', '39810174091446', '42083851370678', '39810173534390', '41588821033142', '42111291162806', '42214348488886', '41764048765110', '39810176614582', '42083638902966', '41719745380534', '41719750066358', '41869736509622', '41869736411318', '41808267215030', '41763974938806', '41764048797878', '41697413529782', '41697406746806', '42085727994038', '41719758487734', '41709993263286', '41764051878070', '39810173632694', '41697413562550', '42214266962102', '41697406812342', '41719745446070', '42214319325366', '41763986636982', '39810176319670', '41808267116726', '42083638870198', '42214348554422', '41588821000374', '39810174451894', '41808298508470', '42111291064502', '41719750164662', '41808298475702', '39810176352438', '41697411236022', '42214266863798', '41869736476854', '42083523297462', '42083787342006', '39810174517430', '41588990935222']","['https://instagram.com/oceancurrent', 'https://facebook.com/oceancurrent', 'https://www.instagram.com/oceancurrent/', 'https://instagram.com/oceancurrent', 'https://instagram.com/oceancurrent', 'https://facebook.com/oceancurrent']"
https://arnoldprint.com,"['717) 392-5491', '17603-4475']",[]
https://deepdivecounseling.net,[],[]
https://forcht-law.com,[],[]
https://graciejoplin.com,"['417) 850-6447', '417) 621-5639']","['https://www.facebook.com/graciejoplin', 'https://www.facebook.com/profile.php?id=1636452124', 'https://www.facebook.com/jason.rios.16547008', 'https://www.facebook.com/shiloh.burchfield', 'https://www.facebook.com/rob.gaul.3', 'https://www.facebook.com/profile.php?id=100003634880192', 'https://www.facebook.com/zach.lawson.54', 'https://www.facebook.com/Ghettotacos417', 'https://www.facebook.com/graciejoplin', 'https://www.facebook.com/profile.php?id=100089055761441']"
https://itpc-usa.com,[],"['https://www.facebook.com/wix', 'https://instagram.com/wix', 'https://www.twitter.com/wix']"
https://scienceeducators.org,[],[]
https://directdrivelogistics.com,['1.877.633.5045'],[]
https://gsbphoto.com,[],[]
https://pinehavenresort.com,"['218-682-2547', '123456789101112', '2025-01-24']","['https://www.facebook.com/HackCFC/', 'https://www.facebook.com/NorLightsCasino/', 'https://www.facebook.com/bearpausetheater/', 'https://www.facebook.com/login/?next=https%3A%2F%2Fwww.facebook.com%2FPine-Haven-Resort-on-Blackwater-Lake-130381357029056%2Freviews%2F', 'https://www.facebook.com/Pine-Haven-Resort-on-Blackwater-Lake-130381357029056/']"
https://cavachonsofoklahoma.com,[],[]
https://fuecid.shop,[],[]
https://janellesrestaurant.com,[],[]
https://peacefulwolftaichi.com,[],[]
https://uomosport.com,['310.205.0407'],"['https://www.facebook.com/UOMOSPORT2016/', 'http://twitter.com/uomo_sport', 'http://instagram.com/uomo_sport', 'https://www.linkedin.com/company/uomo-sport', 'https://www.facebook.com/UOMOSPORT2016/', 'http://twitter.com/uomo_sport', 'http://instagram.com/uomo_sport', 'https://www.linkedin.com/company/uomo-sport']"
https://warnby.com,[],[]
https://antiochassistedliving.com,[],[]
https://davidprieto.realestate,"['91316\n818.422.3831', '302\n                            \n\n\n\n\n\n\n\n\n\n\n\n                            22.8', '126\n                            \n\n\n\n\n\n\n\n\n\n                            -1.6', '818.422.3831', '53\n                            \n\n\n\n\n\n\n\n\n\n\n\n                            8.2', '800\n20378']","['http://twitter.com/share', 'https://www.facebook.com/DPREServices/', 'https://www.linkedin.com/in/david-prieto-0a908330/', 'http://twitter.com/share', 'https://www.facebook.com/DPREServices/', 'https://www.linkedin.com/in/david-prieto-0a908330/', 'http://twitter.com/share']"
https://gygeneralservices.business.site,[],[]
https://kickitupquilting.com,['022 - .025'],"['https://www.instagram.com/kickitupquilting/', 'https://www.facebook.com/KickItUpQuilting/', 'https://www.instagram.com/kickitupquilting/', 'https://www.facebook.com/KickItUpQuilting/']"
https://koimountain.com,[],[]
https://pinolevistareimagined.com,[],[]
https://seamuspuppy.com,[],[]
https://aop3d.com,"['9795466318074538', '781-507-1606']","['https://www.facebook.com/AOPthreeD', 'https://www.instagram.com/aop3d/', 'https://www.facebook.com/AOPthreeD', 'https://www.instagram.com/aop3d/', 'https://www.facebook.com/AOPthreeD', 'https://www.instagram.com/aop3d/', 'https://www.facebook.com/AOPthreeD', 'https://www.instagram.com/aop3d/']"
https://off-trail.co,['34567456789012'],"['https://www.instagram.com/offtrail.co/', 'https://www.instagram.com/offtrail.co/', 'https://www.instagram.com/offtrail.co/', 'https://www.instagram.com/offtrail.co/']"
https://proexecstaffing.com,['713-248-2245'],"['https://www.facebook.com/proexecstaffing', 'https://twitter.com/exec_pro', 'https://linkedin.com/company/pro-exec-staffing']"
https://stewartgrain.com,"['217) 759-7938', '765) 986-2254', '765-986-2254', '217-759-7938']",[]
https://truyasushica.com,['95051(408) 244-4534'],[]
https://yingtexun.com,[],[]
https://camilluscusecamp.com,[],[]
https://hyhp.org,[],"['https://www.facebook.com/hawaiiyhp', 'https://www.linkedin.com/company/hyhp', 'https://www.instagram.com/hawaiiyhp']"
https://rrrobotictec.com,[],[]
https://thebeautyteam.com,['908-917-5233'],"['https://www.facebook.com/', 'https://twitter.com/', 'https://www.instagram.com/', 'https://www.linkedin.com/', 'https://www.facebook.com/The-Beauty-Team-NJ-1524388267839855', 'https://www.instagram.com/thebeautyteamnj/?hl=en', 'https://www.linkedin.com/in/daniela-brozkova-3b084b9/']"
https://justgooglebenhiggins.com,[],[]
https://onsa.net,['503) 316-9638'],[]
https://stitchncluck.com,[],[]
https://ascend-tech.us,[],"['https://www.linkedin.com/company/ascendant-software-technology-llc/', 'https://twitter.com/AscendSoftTech']"
https://buryservices.com,[],[]
https://cleaningsvccolumbiafalls.com,[],[]
https://fortlaudedalepsychic.com,[],[]
https://longrealty.com,[],[]
https://miltongeorgialiving.com,[],[]
https://smensclub.org,['15143\n\n412-741-9622'],['https://www.facebook.com/smensclub']
https://woodgateapts.net,"['844) 201-7843', '84084\n\n(844) 201-7843']","['https://www.facebook.com/sharer/sharer.php?u=https://www.woodgateapts.net&src=sdkpreparse', 'https://twitter.com/intent/tweet?text=Look%20at%20these%20amazing%20photos!', 'https://www.facebook.com/pg/aptswoodgate/photos/', 'https://www.instagram.com/woodgate.jordan.landing/']"
https://crawfordproduction.com,[],[]
https://fanbladedesigns.com,['208-720-4041'],"['https://twitter.com/FanBladeDesigns', 'https://twitter.com/fanbladedesigns', 'https://www.facebook.com/pages/Fan-Blade-Designs/1414707588783035', 'https://instagram.com/fanbladedesigns']"
https://ghostmountain.org,[],['https://www.instagram.com/ghostmountainpdx/']
https://lequedagua.com,['212 317 004'],"['https://www.instagram.com/lequedagua/', 'https://www.facebook.com/lequedagua.lda/']"
https://lisinoprilfst.com,[],[]
https://nbwatergardens.com,['65340660-229-3777'],[]
https://semillacenter.org,['2024\t\t\t\t\t\t\t\t\t\t\n\n\n 0'],"['https://www.facebook.com/SemillaCenter/', 'https://twitter.com/semillacenter', 'https://www.instagram.com/semillacenter/', 'https://www.facebook.com/SemillaCenter/', 'https://twitter.com/semillacenter', 'https://www.instagram.com/semillacenter/']"
https://jrmatheny.com,[],[]
https://madebyjosy.com,[],[]
https://philippineflowers.com,"['+63\r\n\t\t\t\t    . 10', '2000-2025']",[]
https://stpunited.org,['816) 331-6444'],"['https://www.instagram.com/stpaulsraymore/', 'https://www.facebook.com/stpunited/']"
https://thethriftyhijabi.com,[],[]
https://timemusicgroupnyc.com,[],[]
https://2701jamesmwood.com,"['213-247-4210', '2021 2701']",[]
https://behindthewhitebeard.com,[],[]
https://calcoastjewelryappraisers.com,['760-504-6343'],"['https://www.facebook.com/CalCoastJewelryAppraisers/', 'https://www.instagram.com/gemologistgirl/']"
https://floraottimer.com,[],"['http://facebook.com/floraottimer', 'http://instagram.com/floraottimer']"
https://infinitiofsouthatlanta.com,"['770) 729-4843', '2025\n\n\n\n2024\n\n\n\n2023\n\n\n\n2022\n\n\n\n2021\n\n\n\n2020\n\n\n\n2019\n\n\n\n2018\n\n\n\n2017\n\n\n\n2016\n\n\n\n2015\n\n\n\n2014\n\n\n\n2013\n\n\n\n2012\n\n\n\n2011\n\n\n\n2010\n\n\n\n2006', '770) 729-4858']","['https://www.facebook.com/INFINITIofAtlanta', 'https://twitter.com/InfinitiofSA', 'https://www.facebook.com/INFINITIofAtlanta', 'https://twitter.com/InfinitiofSA']"
https://johnsoncreekrvresort.com,"['830) 367-3300', '830-367-3300']","['https://www.instagram.com/explore/locations/252106602/johnson-creek-rv-resort-park/', 'https://www.facebook.com/johnsoncreekrvresortpark']"
https://liketelevision.com,[],[]
https://talkingparents.com,[],"['https://www.facebook.com/TalkingParents/', 'https://twitter.com/Talkingparents', 'https://www.instagram.com/talkingparentsapp/']"
https://allcleanhomes.com,[],[]
https://ericamhill.com,[],[]
https://hypnosishealthworks.com,['310) 404-1256'],[]
https://rewildyourgarden.com,"['207.653.9334', '207-653-9334']","['https://www.facebook.com/kdbgardenrewilder/', 'https://instagram.com/rewildyourgarden']"
https://shakeprosolutions.com,[],[]
https://themarketinggroupaz.com,[],[]
https://virustarllc.com,[],[]
https://continentalfresh.com,[],[]
https://marblepolishingmiami.net,[],[]
https://tornadobaseball.com,[],[]
https://hdnavalue.com,['310.378.5700'],"['https://www.facebook.com/pages/Hollingshead-Dearden-Associates/848956838453944', 'https://www.linkedin.com/company/hollingshead-dearden-&-associates']"
https://mojoparker.com,"['1\n\n\n2\n\n\n3', '13\n\n\n\n\n\n\n \n      4', '10\n\n\n\n\n\n\n \n      9', '38\n\n\n\n\n\n\n \n      7', '44\n\n\n\n\n\n\n \n      3', '14\n\n\n\n\n\n\n \n      2', '51\n\n\n\n\n\n\n \n      8', '09\n\n\n\n\n\n\n \n      10', '21\n\n\n\n\n\n\n \n      5', '50\n\n\n\n\n\n\n \n      6']","['https://www.facebook.com/mojoparker', 'https://instagram.com/mojoparkerblues', 'https://www.facebook.com/mojoparker', 'https://instagram.com/mojoparkerblues']"
https://proofpass.com,[],[]
https://rgaineswebdevelopment.com,[],[]
https://spynewsletter.com,[],[]
https://charliesproshop.com,['727) 397-3947'],[]
https://haqelyaqeen.com,[],[]
https://mutterpasshuellen.eu,[],[]
https://theneumannproject.com,[],[]
https://vibrantlifefarms.com,"['80538970.222.5917', '970) 222.5917']","['https://www.instagram.com/vibrantlifefarms', 'https://www.facebook.com/vibrantlifefarms', 'https://instagram.com/wix/']"
https://vipsmarthomes.com,[],[]
https://jsdagency.com,[],[]
https://sunnova-solar-oakland.business.site,[],[]
https://tevisdenise.com,[],"['https://www.facebook.com/tevis.denise', 'https://www.twitter.com/tevisdenise', 'https://www.linkedin.com/in/tevis-denise/', 'https://www.instagram.com/tevisdenise', 'https://www.facebook.com/wix', 'https://twitter.com/wix', 'https://www.instagram.com/wix/', 'https://www.linkedin.com/company/wix-com/mycompany/']"
https://badgertoyotalift.com,[],[]
https://bettoli.realtor,[],[]
https://greggardnersbarbershop.com,[],[]
https://hautesalonjc.com,[],[]
https://ropescan.us,['701) 478-6666'],[]
https://saracott.com,[],[]
https://dumpsterrentalalhambraca.com,[],[]
https://fynres.com,[],[]
https://hubbardstudios.com,[],[]
https://roushdetailingllc.com,[],"['https://www.facebook.com/RoushDetailingLLC', 'https://www.instagram.com/RoushDetailingLLC.Colorado']"
https://salinasidingcompany.com,"['785) 390-8822', '785-390-8822']","['https://www.facebook.com/Salina-Siding-Company-104405568676524', 'https://www.linkedin.com/company/75604120/', 'https://www.facebook.com/Salina-Siding-Company-104405568676524', 'https://www.linkedin.com/company/75604120/']"
https://arisepca.com,[],[]
https://hairbykole.com,[],[]
https://bundlesbybassett.com,[],[]
https://documentsandforms.com,[],"['https://www.facebook.com/sharer/sharer.php?u=https%3A%2F%2Fdocumentsandforms.com%2Fdownloads%2Farticles-of-incorporation-2025-basic-series-free%2F', 'https://twitter.com/share?url=https%3A%2F%2Fdocumentsandforms.com%2Fdownloads%2Farticles-of-incorporation-2025-basic-series-free%2F&text=Articles+of+Incorporation+2025+Basic+Series+%E2%80%93+Free', 'https://www.facebook.com/sharer/sharer.php?u=https%3A%2F%2Fdocumentsandforms.com%2Fdownloads%2Farticles-of-incorporation-2025-series%2F', 'https://twitter.com/share?url=https%3A%2F%2Fdocumentsandforms.com%2Fdownloads%2Farticles-of-incorporation-2025-series%2F&text=Articles+of+Incorporation+2025+Series', 'https://www.facebook.com/sharer/sharer.php?u=https%3A%2F%2Fdocumentsandforms.com%2Fdownloads%2Fturning-digital-trash-into-cash-2%2F', 'https://twitter.com/share?url=https%3A%2F%2Fdocumentsandforms.com%2Fdownloads%2Fturning-digital-trash-into-cash-2%2F&text=Turning+Digital+Trash+Into+Cash', 'https://www.facebook.com/sharer/sharer.php?u=https%3A%2F%2Fdocumentsandforms.com%2Fdownloads%2Fthe-master-guide-to-plr-2%2F', 'https://twitter.com/share?url=https%3A%2F%2Fdocumentsandforms.com%2Fdownloads%2Fthe-master-guide-to-plr-2%2F&text=The+Master+Guide+To+PLR', 'https://www.facebook.com/sharer/sharer.php?u=https%3A%2F%2Fdocumentsandforms.com%2Fdownloads%2Fproduct-flipping-for-cash-2%2F', 'https://twitter.com/share?url=https%3A%2F%2Fdocumentsandforms.com%2Fdownloads%2Fproduct-flipping-for-cash-2%2F&text=Product+Flipping+For+Cash', 'https://www.facebook.com/sharer/sharer.php?u=https%3A%2F%2Fdocumentsandforms.com%2Fdownloads%2Finternet-marketers-guide-to-plr-2%2F', 'https://twitter.com/share?url=https%3A%2F%2Fdocumentsandforms.com%2Fdownloads%2Finternet-marketers-guide-to-plr-2%2F&text=Internet+Marketers+Guide+To+PLR', 'https://www.facebook.com/sharer/sharer.php?u=https%3A%2F%2Fdocumentsandforms.com%2Fdownloads%2F7-days-to-plr-profits-2%2F', 'https://twitter.com/share?url=https%3A%2F%2Fdocumentsandforms.com%2Fdownloads%2F7-days-to-plr-profits-2%2F&text=7+Days+To+PLR+Profits', 'https://www.facebook.com/sharer/sharer.php?u=https%3A%2F%2Fdocumentsandforms.com%2Fdownloads%2Ftimeless-sales-strategies-2%2F', 'https://twitter.com/share?url=https%3A%2F%2Fdocumentsandforms.com%2Fdownloads%2Ftimeless-sales-strategies-2%2F&text=Timeless+Sales+Strategies', 'https://www.facebook.com/sharer/sharer.php?u=https%3A%2F%2Fdocumentsandforms.com%2Fdownloads%2Fdont-delay-sell-more-online-2%2F', 'https://twitter.com/share?url=https%3A%2F%2Fdocumentsandforms.com%2Fdownloads%2Fdont-delay-sell-more-online-2%2F&text=Don%E2%80%99t+Delay%2C+Sell+More+Online', 'https://www.facebook.com/sharer/sharer.php?u=https%3A%2F%2Fdocumentsandforms.com%2Fdownloads%2Fnetworking-public-speaking-for-internet-marketers-2%2F', 'https://twitter.com/share?url=https%3A%2F%2Fdocumentsandforms.com%2Fdownloads%2Fnetworking-public-speaking-for-internet-marketers-2%2F&text=Networking+%26+Public+Speaking+For+Internet+Marketers', 'https://www.facebook.com/sharer/sharer.php?u=https%3A%2F%2Fdocumentsandforms.com%2Fdownloads%2Fhow-to-price-your-product-or-service-just-right-2%2F', 'https://twitter.com/share?url=https%3A%2F%2Fdocumentsandforms.com%2Fdownloads%2Fhow-to-price-your-product-or-service-just-right-2%2F&text=How+To+Price+Your+Product+Or+Service+Just+Right', 'https://www.facebook.com/sharer/sharer.php?u=https%3A%2F%2Fdocumentsandforms.com%2Fdownloads%2Fheavy-duty-online-selling-2%2F', 'https://twitter.com/share?url=https%3A%2F%2Fdocumentsandforms.com%2Fdownloads%2Fheavy-duty-online-selling-2%2F&text=Heavy+Duty+Online+Selling', 'https://www.facebook.com/sharer/sharer.php?u=https%3A%2F%2Fdocumentsandforms.com%2Fdownloads%2Ffiresale-profits-revealed-2%2F', 'https://twitter.com/share?url=https%3A%2F%2Fdocumentsandforms.com%2Fdownloads%2Ffiresale-profits-revealed-2%2F&text=Firesale+Profits+Revealed', 'https://www.facebook.com/sharer/sharer.php?u=https%3A%2F%2Fdocumentsandforms.com%2Fdownloads%2Fdoing-business-with-paypal-2%2F', 'https://twitter.com/share?url=https%3A%2F%2Fdocumentsandforms.com%2Fdownloads%2Fdoing-business-with-paypal-2%2F&text=Doing+Business+With+Paypal', 'https://www.facebook.com/sharer/sharer.php?u=https%3A%2F%2Fdocumentsandforms.com%2Fdownloads%2Flearning-the-legalese-2%2F', 'https://twitter.com/share?url=https%3A%2F%2Fdocumentsandforms.com%2Fdownloads%2Flearning-the-legalese-2%2F&text=Learning+The+Legalese', 'https://www.facebook.com/sharer/sharer.php?u=https%3A%2F%2Fdocumentsandforms.com%2Fdownloads%2Fcash-building-strategies-2%2F', 'https://twitter.com/share?url=https%3A%2F%2Fdocumentsandforms.com%2Fdownloads%2Fcash-building-strategies-2%2F&text=Cash+Building+Strategies', 'https://www.facebook.com/sharer/sharer.php?u=https%3A%2F%2Fdocumentsandforms.com%2Fdownloads%2Farticles-of-incorporation-2025-basic-series-free%2F', 'https://twitter.com/share?url=https%3A%2F%2Fdocumentsandforms.com%2Fdownloads%2Farticles-of-incorporation-2025-basic-series-free%2F&text=Articles+of+Incorporation+2025+Basic+Series+%E2%80%93+Free', 'https://www.facebook.com/sharer/sharer.php?u=https%3A%2F%2Fdocumentsandforms.com%2Fdownloads%2Fslaying-social-anxiety%2F', 'https://twitter.com/share?url=https%3A%2F%2Fdocumentsandforms.com%2Fdownloads%2Fslaying-social-anxiety%2F&text=Slaying+Social+Anxiety', 'https://www.facebook.com/sharer/sharer.php?u=https%3A%2F%2Fdocumentsandforms.com%2Fdownloads%2Flearning-the-legalese%2F', 'https://twitter.com/share?url=https%3A%2F%2Fdocumentsandforms.com%2Fdownloads%2Flearning-the-legalese%2F&text=Learning+The+Legalese', 'https://www.facebook.com/sharer/sharer.php?u=https%3A%2F%2Fdocumentsandforms.com%2Fdownloads%2Fcash-building-strategies%2F', 'https://twitter.com/share?url=https%3A%2F%2Fdocumentsandforms.com%2Fdownloads%2Fcash-building-strategies%2F&text=Cash+Building+Strategies', 'https://www.facebook.com/sharer/sharer.php?u=https%3A%2F%2Fdocumentsandforms.com%2Fdownloads%2Fthe-branding-formula%2F', 'https://twitter.com/share?url=https%3A%2F%2Fdocumentsandforms.com%2Fdownloads%2Fthe-branding-formula%2F&text=The+Branding+Formula', 'https://www.facebook.com/sharer/sharer.php?u=https%3A%2F%2Fdocumentsandforms.com%2Fdownloads%2Fproduct-funnel-optimization%2F', 'https://twitter.com/share?url=https%3A%2F%2Fdocumentsandforms.com%2Fdownloads%2Fproduct-funnel-optimization%2F&text=Product+Funnel+Optimization', 'https://www.facebook.com/sharer/sharer.php?u=https%3A%2F%2Fdocumentsandforms.com%2Fdownloads%2Fmiracle-commissions%2F', 'https://twitter.com/share?url=https%3A%2F%2Fdocumentsandforms.com%2Fdownloads%2Fmiracle-commissions%2F&text=Miracle+Commissions', 'https://www.facebook.com/sharer/sharer.php?u=https%3A%2F%2Fdocumentsandforms.com%2Fdownloads%2Finternet-marketing-secrets-unlocked%2F', 'https://twitter.com/share?url=https%3A%2F%2Fdocumentsandforms.com%2Fdownloads%2Finternet-marketing-secrets-unlocked%2F&text=Internet+Marketing+Secrets+Unlocked', 'https://www.facebook.com/sharer/sharer.php?u=https%3A%2F%2Fdocumentsandforms.com%2Fdownloads%2Fthe-master-guide-to-plr%2F', 'https://twitter.com/share?url=https%3A%2F%2Fdocumentsandforms.com%2Fdownloads%2Fthe-master-guide-to-plr%2F&text=The+Master+Guide+To+PLR', 'https://www.facebook.com/sharer/sharer.php?u=https%3A%2F%2Fdocumentsandforms.com%2Fdownloads%2Fthe-ultimate-copywriting-handbook%2F', 'https://twitter.com/share?url=https%3A%2F%2Fdocumentsandforms.com%2Fdownloads%2Fthe-ultimate-copywriting-handbook%2F&text=The+Ultimate+Copywriting+Handbook', 'https://www.facebook.com/sharer/sharer.php?u=https%3A%2F%2Fdocumentsandforms.com%2Fdownloads%2Femail-marketing-101%2F', 'https://twitter.com/share?url=https%3A%2F%2Fdocumentsandforms.com%2Fdownloads%2Femail-marketing-101%2F&text=Email+Marketing+101', 'https://www.facebook.com/sharer/sharer.php?u=https%3A%2F%2Fdocumentsandforms.com%2Fdownloads%2Faction-driven-living%2F', 'https://twitter.com/share?url=https%3A%2F%2Fdocumentsandforms.com%2Fdownloads%2Faction-driven-living%2F&text=Action+Driven+Living', 'https://facebook.com/', 'https://twitter.com/']"
https://lineoftecnologia.com,[],[]
https://mikesagfencerepair.com,"['240)  285-6648', '240) 285-6648']",['https://www.facebook.com/Mikes-Agriculture-Fence-Repair-101798072153722/?ref=page_internal']
https://sootheyoursoulmassage.com,[],[]
https://thatpaintgirl.com,[],[]
https://cgllcairheatingandcoolingservices.business.site,[],[]
https://clinejewelers.com,[],[]
https://1vandegraaff.com,[],[]
https://betterbuildco.com,[],[]
https://dreamservicesoftware.com,['+1 210-695-0795'],"['https://www.linkedin.com/company/dream-service-software', 'https://www.facebook.com/dreamservicecrm', 'https://www.instagram.com/dreamservicesoftware/']"
https://meskauskis.com,[],[]
https://thelocalmanjakemangan.com,[],[]
https://timberwoodofnaples.org,[],[]
https://two2brew.com,['1-877-662-7544'],"['//twitter.com/intent/tweet?text=Blendtec%20Bar%20Blender&url=https://two2brew.com/products/blendtec-bar-blender', '//www.facebook.com/sharer.php?u=https://two2brew.com/products/blendtec-bar-blender', 'https://www.facebook.com/hellotwo2brew/', 'https://instagram.com/hellotwo2brew', 'https://www.facebook.com/hellotwo2brew/', 'https://instagram.com/hellotwo2brew']"
https://loydayu.com,[],[]
https://markhensonart.com,[],[]
https://tangodown.com,[],[]
https://iambaldianastyles.info,[],[]
https://innovativeinstruction.org,[],[]
https://lassomd.com,[],[]
https://nefsvt.com,[],[]
https://yourvibrantnutrition.com,[],[]
https://burst-media.com,[],[]
https://hightechautoservicesantamonica.com,[],[]
https://rebeccathebadass.com,[],[]
https://tsunamipolo.org,[],[]
https://bergesenterpriseinc.com,[],[]
https://brooklyntreecompany.com,[],[]
https://citycenterwaco.com,[],[]
https://paysonhandyman.com,[],[]
https://skdesignbuildllc.com,[],[]
https://adaini.com,[],[]
https://brilliantcityreiki.com,[],[]
https://genfreellc.com,[],[]
https://gentzlerelectric.com,[],[]
https://moorecapitalservices.net,[],[]
https://amendedbeauty.com,[],[]
https://beautifulbodybabes.com,[],[]
https://charlesmann-contracting.com,[],[]
https://growthfutures.net,[],[]
https://janarose.us,[],[]
https://pearlcorker.wordpress.com,[],[]
https://skinnerdaylilies.com,[],[]
https://tamalpaistaichi.com,[],[]
https://asahisuperdry.com,[],[]
https://drrokh.com,[],[]
https://highwaydistribution.net,[],[]
https://kellyhohlainteriors.com,[],[]
https://lawrencedy.com,[],[]
https://sullivanswcd.org,[],[]
https://ergoactives.com,[],[]
https://grpinsurance.com,[],[]
https://laydomsouth.org,[],[]
https://shoplakebuoy.com,[],[]
https://tambasamba.design,[],[]
https://acornlawpc.com,[],[]
https://airelibreavenue.com,[],[]
https://erichedlund.com,[],[]
https://imperiumstrategiesllc.com,[],[]
https://4v21.com,[],"['https://twitter.com/share', 'https://twitter.com/share', 'https://twitter.com/richardwolffedc', 'https://twitter.com/realDonaldTrump/status/949619270631256064', 'https://twitter.com/share']"
https://intfloors.com,[],[]
https://norconindustries.net,[],[]
https://tic-texas.com,[],[]
https://trihealthbalance.com,['248-781-0088'],[]
https://bathpeople.com,[],"['https://www.facebook.com/bathpeople/', 'https://www.instagram.com/bathpeopleco/', 'https://www.facebook.com/bathpeople/', 'https://www.instagram.com/bathpeopleco/']"
https://bubongstore.com,[],[]
https://cedarwork.org,[],[]
https://helixapartments.com,[],[]
https://richardsservicecenter.com,[],[]
https://epertase.com,[],[]
https://id44.com,[],[]
https://laflosd.com,[],[]
https://lifeofbtc.org,[],[]
https://openairchair.com,[],[]
https://sushirawsf.com,[],[]
https://verve-medical.com,[],[]
https://jaredshavelson.com,[],[]
https://lgcountryschool.com,['847) 438-4834'],[]
https://wanakenapinecone.wordpress.com,['315-309-4040'],['https://www.facebook.com/profile.php']
https://clevelandheightsapartments.com,[],[]
https://highqualitypcs.com,[],[]
https://tylerteaches.com,[],[]
https://86fest.com,[],"['https://www.instagram.com/86fest/', 'https://www.facebook.com/86FEST/', 'https://www.facebook.com/CarsWithoutLimits/', 'https://instagram.com/socalsd86/', 'https://www.facebook.com/events/285767488297736/', 'https://instagram.com/azfrs86/', 'https://www.facebook.com/TeamTopakRacing']"
https://elijahvest.com,[],[]
https://hannacho.com,[],[]
https://jasonheltonrealestate.com,[],[]
https://kathymetzinc.com,[],[]
https://platformtemizlik.com,[],[]
https://shmstudios.com,[],[]
https://westtubingcompany.com,[],"['https://www.facebook.com/westtubingcompany', 'https://www.instagram.com/west_tubing_company/', 'https://www.facebook.com/westtubingcompany', 'https://www.facebook.com/westtubingcompany', 'https://www.instagram.com/west_tubing_company/']"
https://advance-tcc.com,[],[]
https://bluestreakgrinding.com,[],[]
https://tashahmoore.com,[],[]
https://thejewishheritagefoundation.com,[],[]
https://veritassynergetic.com,[],[]
https://wellbaum-apiaries.business.site,[],[]
https://aroostooktechnologies.com,[],[]
https://branchedoakmarina.com,[],['https://www.facebook.com/Branched-Oak-Marina-155307791173595/']
https://brandibaileyphotos.com,[],[]
https://daylilyhealth.org,[],[]
https://woodstocklodge246.org,[],[]
https://burkeoppenheim.com,[],[]
https://eringallagher.wordpress.com,"['2 \xa0 \xa0 \xa0 \xa0 \xa0 \xa0 \xa0 \xa0 \xa0 \xa020', '1 \xa0 \xa0 \xa0 \xa0 \xa0 \xa0 \xa0 \xa0 \xa0 \xa0 10', '312.492.7458', '195-0773-42', '3 \xa0 \xa0 \xa0 \xa0 \xa0 \xa0 \xa0 \xa0 \xa0 \xa030']","['http://www.facebook.com/pages/Chicago-IL/erin-gallagher-jewelry/136555849833?ref=ts', 'http://www.facebook.com/pages/Chicago-IL/erin-gallagher-jewelry/136555849833?ref=ts', 'http://www.facebook.com/pages/Chicago-IL/erin-gallagher-jewelry/136555849833?ref=ts', 'http://www.facebook.com/pages/Chicago-IL/erin-gallagher-jewelry/136555849833?ref=ts', 'http://twitter.com/eringallagher']"
https://snugharborca.com,[],[]
https://successoilco.com,"['818) 974-9623', '800-451-9865']",[]
https://thermalpd.com,[],[]
https://emergencyinternational.org,[],[]
https://foxtrailerservice.com,[],[]
https://nomadicbearproductions.com,[],[]
https://powersfamilymedicine.com,[],[]
https://themacks.wordpress.com,[],[]
https://timothylee.us,"['408) 740-0862', '12345678910']","['https://www.linkedin.com/in/timothylee-us/', 'https://linkedin.com/in/timothylee-us']"
https://nu-imagepainting.com,[],[]
https://southsidedentalcare-dentalclinic.business.site,[],[]
https://citadelurban.com,"['210-898-4777\n\n\n\n\n\n                  503', '210-898-4777']","['https://www.facebook.com/profile.php?id=61555742331720', 'https://www.instagram.com/citadelurban/']"
https://coopster.org,"['2020\n\t\n\n\n\n\t\t0', '2025\n\t\n\n\n\n\t\t0', '2021\n\t\n\n\n\n\t\t1', '2021\n\t\n\n\n\n\t\t0', '2020\n\n\n\n\t\t27', '2020\n\t\n\n\n\n\t\t1', '2020\n\t\n\n\n\n\t\t2', '2020\n\n\n\n\t\t24', '2003-2018', '2020\n\n\n\n\t\t23', '2021\n\t\n\n\n\n\t\t2']","['http://twitter.com/share?url=http://coopster.org/4/post/2025/03/back-on-line.html', 'http://twitter.com/share?url=http://coopster.org/4/post/2021/05/happy-days-we-now-have.html', 'http://twitter.com/share?url=http://coopster.org/4/post/2021/04/but-we-have-not-done-it-alone.html', 'http://twitter.com/share?url=http://coopster.org/4/post/2021/04/how-time-flies.html', 'http://twitter.com/share?url=http://coopster.org/4/post/2020/11/november-23rd-2020.html', 'http://twitter.com/share?url=http://coopster.org/4/post/2020/11/update-from-nymboida.html', 'http://twitter.com/share?url=http://coopster.org/4/post/2020/02/sunday-feb-9th.html', 'http://twitter.com/share?url=http://coopster.org/4/post/2020/02/update-7th-of-february.html', 'http://twitter.com/share?url=http://coopster.org/4/post/2020/01/jan-27th-2020.html', 'http://twitter.com/share?url=http://coopster.org/4/post/2020/01/january-24th-2020.html']"
https://directjet.com,[],[]
https://sacreativedesign.com,[],[]
https://yjlashstudio.com,['203-548-1474'],"['https://www.facebook.com/yjlash', 'https://www.instagram.com/yjlashstudio/', 'https://www.facebook.com/yjlash', 'https://www.instagram.com/yjlashstudio/', 'https://www.facebook.com/yjlash', 'https://www.instagram.com/yjlashstudio/']"
https://sanfranciscowinecenter.com,[],[]
https://sceniclandscaping.net,[],[]
https://techsynario.com,[],[]
https://temploebenezerweslaco.com,[],[]
https://cotherix.com,[],[]
https://leahyfamilydentistry.com,['919) 363-4204'],"['https://www.facebook.com/leahyfamilydentistry', 'https://twitter.com/LeahyDentistry', 'https://www.facebook.com/leahyfamilydentistry', 'https://twitter.com/LeahyDentistry']"
https://ohanacrm.com,[],[]
https://pd2llc.com,[],[]
https://romesportshalloffame.com,[],[]
https://studiobsalon.net,[],[]
https://aristacons.com,"['1 (857) 899-0009', '19.00\r\n2 (857) 899-0009', '1 (857) 899-009', '17.30\r\n3 (857) 899-0009']","['https://facebook.com/delaware', 'https://twitter.com/delaware', 'https://facebook.com/delaware', 'https://twitter.com/delaware']"
https://sbmobilenails.com,['805-554-9029'],[]
https://aether-multimedia-llc.business.site,[],[]
https://aspecialtouchflorist.net,"['586) 254-3657        \n\n\n\n0', '586) 254-3657']","['https://www.facebook.com/ASpecialTouchFloristUticaMI', 'https://www.instagram.com/astflorist/', 'https://www.facebook.com/ASpecialTouchFloristUticaMI', 'https://www.instagram.com/astflorist/']"
https://cowpaddyfudge.wordpress.com,['813-382-4158'],[]
https://maquez-kennelz.business.site,[],[]
https://tax-masters.net,[],[]
https://ticketsregina.com,[],[]
https://abujaluxuryhome.com,[],[]
https://belozapp.com,[],[]
https://harmonystarkennel.com,['918-260-3665'],[]
https://homesforsalescv.com,[],[]
https://1stamc.com,[],[]
https://abbevillecalendar.com,[],[]
https://apollostreams.com,['801-492-6296'],"['https://www.facebook.com/Apollo-Streams-103638581396058', 'https://www.instagram.com/apollostreams/']"
https://fitfeetflorida.com,[],[]
https://kaylabeehler.com,[],[]
https://parisfumc.org,[],[]
https://jointguard.com,[],[]
https://kusbeautyusa.com,[],[]
https://logansquarelaundry.com,[],[]
https://mogreenway.com,[],[]
https://al-advertising-diet-store.com,[],[]
https://artworkbydoyle.com,[],[]
https://bc-hinger.com,[],[]
https://beautyblueprintllc.com,[],[]
https://bookkeepinglogic.com,['408.690.1896'],[]
https://neomedia-dg.com,['915) 201-2695'],"['https://www.facebook.com/neomedia.dg', 'https://www.instagram.com/neomedia.dg', 'https://www.linkedin.com/company/neomedia-design-group']"
https://reveportraits.com,[],[]
https://rustyskate.com,[],[]
https://shootmethevin.com,['877) 512-2555'],[]
https://3lechesbake.com,"['225) 287-5355', '225) 572-6013']","['https://www.facebook.com/3lechesbake/', 'https://www.instagram.com/3lechesbakery/']"
https://baypointlabs.com,['707) 747-6081'],[]
https://bigtransformerbushings.com,"['1-330-493-1893', '330-493-1890', '1-330-493-1890']",[]
https://feltgoodmusic.com,[],[]
https://lionsteelstructuresco.com,[],[]
https://royaltycleaningva.co,[],[]
https://sherricornett.com,[],[]
https://childcarecompany.org,[],[]
https://kathrynsonmoonlake.com,[],[]
https://periogel.net,['63125(877) 434'],"['https://twitter.com/perioprotect', 'https://www.facebook.com/PerioProtect', 'https://www.instagram.com/perioprotect/', 'https://twitter.com/perioprotect', 'https://www.facebook.com/PerioProtect', 'https://www.instagram.com/perioprotect/']"
https://prashnercpa.com,"['2018-2020', '512-326-1440']","['https://www.facebook.com/Barbara-Prashner-CPA-PC-128144142015', 'https://us.linkedin.com/in/barbara-prashner-cpa-p-c-8914127']"
https://whittiershuttle.com,"['1-888-257-8527', '1-907-350-6010']",[]
https://aetheradvisors.com,[],['https://www.linkedin.com/in/julie-ryan-3a46504/']
https://ageanabrett.com,[],[]
https://crossroadsrvpk.com,[],[]
https://fightguard.net,[],[]
https://nationalcapitalfitday.com,[],[]
https://ordercrustandbuns.com,[],[]
https://seattlecandle.com,[],[]
https://theneedlehouse.com,"['77005\n713-522-9704', '2007-2025']",[]
https://allstarbp.com,"['2004-2025', '678-332-6840']","['https://www.facebook.com/allstarsimulators', 'https://www.twitter.com/allstarbp', 'https://www.instagram.com/allstarsimulators']"
https://dallassurgicalgroup.com,"['214) 350-6672', '2005-2022', '214) 350-6672\n 8140']",[]
https://daveandtracy.org,[],[]
https://garagedoor-repair-waynenj.com,['973) 319-7770'],[]
https://jshs-tn.utk.edu,[],[]
https://jtheater.com,[],[]
https://randrdance.com,['843) 503-9616'],"['https://www.facebook.com/676206005802894', 'https://www.instagram.com/randr_dance/']"
https://sbstransportllc.com,[],"['https://www.facebook.com/101932885163238', 'https://www.instagram.com/sbstransportllc/']"
https://when2heartsbeatas1.org,[],[]
https://abreakdisabilityandrespite.com,"['156 161 830 49', '4050010372', '616 183 049', '0428 280 474']",[]
https://aestatix.com,[],"['https://twitter.com/aestatix', 'https://www.instagram.com/aestatix/', 'https://www.linkedin.com/company/aestatix/']"
https://cadottfamilyrestaurant.com,"['54727(715) 978-0027', '715) 978-0027\n\n\n\n\n\n\n\n\n\n\n\n641']","['https://www.facebook.com/cadottfamilyrestaurant/', 'https://www.instagram.com/cadottfamilyrestaurant/', 'https://www.facebook.com/cadottfamilyrestaurant/', 'https://www.instagram.com/cadottfamilyrestaurant/', 'https://www.facebook.com/cadottfamilyrestaurant/', 'https://www.instagram.com/cadottfamilyrestaurant/']"
https://figureitoutagency.com,[],['https://www.instagram.com/figureitoutagency']
https://galleongc.com,[],[]
https://jadynbags.com,[],"['https://www.facebook.com/jadynbags', 'https://www.instagram.com/jadynbags/', 'https://www.facebook.com/jadynbags', 'https://www.instagram.com/jadynbags/']"
https://liverpoolchurch.com,[],[]
https://cwenergyusa.com,['480-998-1694'],"['https://www.twitter.com/cwenergyusa1', 'https://www.facebook.com/cwenergyusa/', 'https://www.linkedin.com/company/cwenergy/about/']"
https://indiyoung.com,[],[]
https://newasianjuyuan.com,['763-595-8888'],[]
https://simplicitymovers.com,[],[]
https://smartdivorcestrategy.com,[],"['https://www.linkedin.com/in/lauramiolla/', 'https://www.instagram.com/thebrainwisecoach/']"
https://tandoorrestaurants.com,[],"['https://facebook.com/tandoorgrill', 'https://www.instagram.com/tandoor_indianslc?igsh=MXJnbXZvZGF4b3Bncw==']"
https://tribeofdantours.com,[],[]
https://boyettrecovery.com,[],[]
https://erikashome.com,"['000\n5\n3.5', '704-576-1671', '704-602-0219']",[]
https://hbcofrochester.org,['217 491 3343'],['https://www.facebook.com/JesuslovesRochester/']
https://littlefeetforestschool.org,"['2024-2025', '303)358-8200(303)358-8200']","['https://www.instagram.com/littlefeetforestschool/', 'https://www.instagram.com/littlefeetforestschool/']"
https://motinidesigns.com,[],[]
https://nationalcarousels158.com,[],[]
https://2020relining.com,[],[]
https://advancenetsupport.com,"['786-426-3492\n305-306-6487\n305-306-6487', '786-426-3492\n786-426-3492', '786-426-3492']","['https://www.facebook.com/profile.php?id=100064803528337', 'https://www.linkedin.com/company/106028228/admin/dashboard/', 'https://www.instagram.com/advancenetworksupport/']"
https://drtompastor.com,[],[]
https://mottshay.com,[],[]
https://patscrap.co.uk,[],[]
https://rethinkingwealth.org,[],[]
https://centralcoastmd.com,"['805) 569-7477', '805) 450-3322', '805) 434-1491', '2015 - 2022', '805) 546-7723', '805) 473-7670', '805) 739-3436', '805) 569-7567', '805) 542-6392', '805) 296-3550']",[]
https://ellen4wcsd.com,[],[]
https://missinglnk.com,[],"['https://www.facebook.com/missinglnk', 'https://twitter.com/saferideapparel']"
https://themorvarid.com,[],[]
https://thephotoboothunlimited.com,"['951) 412-1624', '651) 363-7249']",['https://m.facebook.com/PhotoBooth-Unlimited-108576848318847/']
https://urtubiavielma.com,[],[]
https://advertiserandmarketersplatform.com,[],[]
https://carvedsoulsmusic.com,[],"['https://www.facebook.com/CarvedSoulsOfficial/', 'https://www.instagram.com/carved_souls/']"
https://assemblyninja.com,['909) 278-9985'],[]
https://biodyn-lifesciences.com,[],[]
https://pastorecompany.com,[],[]
https://sheetmetallocal399.com,['843.554.4418'],['https://www.facebook.com/local399/?fref=ts']
https://sweetadswebcast.com,[],"['http://facebook.com/sweetadelinesintl', 'http://instagram.com/sweetadelinesintl']"
https://greenissue.eu,[],[]
https://kcc.org,[],['https://www.facebook.com/KagyuChangchubChuling']
https://river-valley-rv-park-tx.business.site,[],[]
https://scentvillage.com,['702.296.6326'],[]
https://virtekcompany.com,['800-844-9182'],[]
https://saipanyc.com,['+1-400-232-4545'],[]
https://hiddengallerywines.com,[],[]
https://kristyler.com,['602) 430-2769'],['https://www.facebook.com/#']
https://perspicacitylabs.com,[],[]
https://theuntamedcreative.co,[],[]
https://angelabrite.com,[],[]
https://clovercutsandcolor.com,[],[]
https://macazancorp.com,[],[]
https://ngchm.net,[],"['https://www.facebook.com/NextGenerationClusteredHeatMap', 'https://twitter.com/nextgenheatmaps', 'https://www.facebook.com/sharer/sharer.php?u=%2fpost%2fhow-to-embed-next-generation-clustered-heat-maps-v2%2f', 'https://twitter.com/intent/tweet?text=How%20to%20Embed%20Next-Generation%20Clustered%20Heat%20Maps&url=%2fpost%2fhow-to-embed-next-generation-clustered-heat-maps-v2%2f', 'https://www.linkedin.com/cws/share?url=%2fpost%2fhow-to-embed-next-generation-clustered-heat-maps-v2%2f', 'https://www.facebook.com/sharer/sharer.php?u=%2fpost%2fnew-features-in-ngchm-viewer%2f', 'https://twitter.com/intent/tweet?text=New%20Features%20in%20the%20NG-CHM%20Viewer%20and%20Builder&url=%2fpost%2fnew-features-in-ngchm-viewer%2f', 'https://www.linkedin.com/cws/share?url=%2fpost%2fnew-features-in-ngchm-viewer%2f', 'https://www.facebook.com/sharer/sharer.php?u=%2fpost%2fnew-features-in-rstudio-ngchm%2f', 'https://twitter.com/intent/tweet?text=New%20features%20in%20the%20NG-CHM%20RStudio%20Containers&url=%2fpost%2fnew-features-in-rstudio-ngchm%2f', 'https://www.linkedin.com/cws/share?url=%2fpost%2fnew-features-in-rstudio-ngchm%2f', 'https://www.facebook.com/sharer/sharer.php?u=%2fpost%2fnew-features-in-ngchm-galaxy%2f', 'https://twitter.com/intent/tweet?text=New%20features%20in%20the%20NG-CHM%20Galaxy%20Tool&url=%2fpost%2fnew-features-in-ngchm-galaxy%2f', 'https://www.linkedin.com/cws/share?url=%2fpost%2fnew-features-in-ngchm-galaxy%2f', 'https://www.facebook.com/sharer/sharer.php?u=%2fpost%2fhow-to-embed-next-generation-clustered-heat-maps%2f', 'https://twitter.com/intent/tweet?text=Deprecated%3a%20How%20to%20Embed%20Next-Generation%20Clustered%20Heat%20Maps&url=%2fpost%2fhow-to-embed-next-generation-clustered-heat-maps%2f', 'https://www.linkedin.com/cws/share?url=%2fpost%2fhow-to-embed-next-generation-clustered-heat-maps%2f', 'https://www.facebook.com/sharer/sharer.php?u=%2fpost%2fhow-to-examine-pathways-in-next-generation-clustered-heat-maps%2f', 'https://twitter.com/intent/tweet?text=How%20to%20Examine%20Pathways%20in%20Next%20Generation%20Clustered%20Heat%20Maps&url=%2fpost%2fhow-to-examine-pathways-in-next-generation-clustered-heat-maps%2f', 'https://www.linkedin.com/cws/share?url=%2fpost%2fhow-to-examine-pathways-in-next-generation-clustered-heat-maps%2f', 'https://www.facebook.com/sharer/sharer.php?u=%2fpost%2fhow-to-create-next-generation-clustered-heat-maps-with-interactive-builder%2f', 'https://twitter.com/intent/tweet?text=How%20to%20Create%20Next-Generation%20Clustered%20Heat%20Maps%20with%20the%20Interactive%20Builder&url=%2fpost%2fhow-to-create-next-generation-clustered-heat-maps-with-interactive-builder%2f', 'https://www.linkedin.com/cws/share?url=%2fpost%2fhow-to-create-next-generation-clustered-heat-maps-with-interactive-builder%2f', 'https://www.facebook.com/sharer/sharer.php?u=%2fpost%2flinkout-type-descriptions%2f', 'https://twitter.com/intent/tweet?text=Linkout%20Type%20Descriptions&url=%2fpost%2flinkout-type-descriptions%2f', 'https://www.linkedin.com/cws/share?url=%2fpost%2flinkout-type-descriptions%2f', 'https://www.facebook.com/sharer/sharer.php?u=%2fpost%2fhow-to-create-next-generation-clustered-heat-maps-with-isb-cgc-data%2f', 'https://twitter.com/intent/tweet?text=How%20to%20Create%20Next-Generation%20Clustered%20Heat%20Maps%20with%20data%20from%20the%20ISB%20Cancer%20Genomics%20Cloud&url=%2fpost%2fhow-to-create-next-generation-clustered-heat-maps-with-isb-cgc-data%2f', 'https://www.linkedin.com/cws/share?url=%2fpost%2fhow-to-create-next-generation-clustered-heat-maps-with-isb-cgc-data%2f', 'https://www.facebook.com/sharer/sharer.php?u=%2fpost%2fclustered-heat-maps-for-big-data%2f', 'https://twitter.com/intent/tweet?text=Clustered%20Heat%20Maps%20for%20Big%20Data&url=%2fpost%2fclustered-heat-maps-for-big-data%2f', 'https://www.linkedin.com/cws/share?url=%2fpost%2fclustered-heat-maps-for-big-data%2f']"
https://projectgestalt.com,[],"['https://www.linkedin.com/company/project-gestalt/about/', 'https://www.linkedin.com/company/project-gestalt/about/', 'https://www.linkedin.com/in/patty-clark-2874281bb/', 'https://www.linkedin.com/in/neil-glenn-jacobson/', 'https://www.linkedin.com/company/project-gestalt/about/']"
https://ridgelinehomeinspect.com,"['920) 609-4799', '54111(920) 609-4799']",[]
https://serenapezzato.com,[],[]
https://theblueprintshop.com,[],[]
https://yourtowcompany.com,['98072(425) 821-9004'],"['https://www.facebook.com/yourtowcompany', 'https://www.instagram.com/yourtowco?igshid=NGVhN2U2NjQ0Yg==', 'https://www.facebook.com/yourtowcompany', 'https://www.instagram.com/yourtowco?igshid=NGVhN2U2NjQ0Yg==']"
https://designedbycarla.com,[],"['https://www.facebook.com/designedbycarla', 'https://www.instagram.com/designedbycarla/', 'https://www.linkedin.com/company/designedbycarla', 'https://www.facebook.com/designedbycarla', 'https://www.instagram.com/designedbycarla/', 'https://www.linkedin.com/company/designedbycarla']"
https://joyfuladoptions.com,"['703-222-3393', '703-222-1101']",[]
https://king-alexander.com,[],[]
https://signaturesportsurfaces.com,[],[]
https://whymessa.com,"['19144\r\n(215) 844-1614', '19103\r\n(215) 568-3500\n475', '19426\r\n(215) 940-7700', '07203\r\n908.300.3900', '08107\r\n(856) 833-0600', '08221\r\n(856) 810-9555', '08003\r\n856.810.9500', '19335\r\n(610) 518-5328']",[]
https://deperevfw.net,[],[]
https://forrestpierce.com,[],[]
https://northsidemeadows.com,[],[]
https://snfdata.com,"['2004 - 2024', '2021 - 43', '2022 - 205', '2023 - 12']",[]
https://taam.org,[],"['https://www.facebook.com/100064335412739', 'https://twitter.com/TAAMorg', 'https://www.instagram.com/turkishamericanassociationofmn/', 'https://www.facebook.com/BosnianTurkish']"
https://archaeology.virginia.edu,[],[]
https://myapexhomeinspection.com,[],[]
https://rivertownslp.com,[],[]
https://scottsbluffcountyscanner.com,"['940-224-6315', '940-224-6211']","['https://facebook.com/panhandlescanner', 'https://facebook.com/custercountyscanner', 'https://facebook.com/dawescountyscanner', 'https://facebook.com/siouxcountyscanner', 'https://facebook.com/boxbuttecountyscanner', 'https://www.facebook.com/groups/140034503151221', 'https://facebook.com/panhandlescanner', 'https://instagram.com/panhandlescanner', 'https://twitter.com/sbcoscanner', 'https://facebook.com/panhandlescanner', 'https://facebook.com/panhandlescanner', 'http://instagram.com/panhandlescanner', 'http://twitter.com/sbcoscanner', 'https://facebook.com/panhandlescanner', 'https://instagram.com/panhandlescanner', 'https://twitter.com/sbcoscanner']"
https://bloggingforextrader.com,[],[]
https://green-graphixz-clothing-company.business.site,[],[]
https://ogcut.com,[],['https://www.instagram.com/_ogeee']
https://50ggirls.com,[],[]
https://alluredesign.org,['2019-06-04 15'],[]
https://moving2branson.com,[],[]
https://roland4fairview.com,[],[]
https://beezneedz.com,['2339)3662'],['http://instagram.com/shopify']
https://callunakennels.com,['617-921-6197'],"['https://www.facebook.com/101521885534293', 'https://www.instagram.com/callunakennels/']"
https://car.hk,"['1967            \n\n                1990            \n\n                2000            \n\n                2005            \n\n                2010            \n\n                2015', '+852 69042300', '878-0910-0770', '2015\t\t\t\t\t\t\t\t\t\n\n\n\n\n\n8000\n\n\n\n45', '4 1990\t\t\t\t\t\t\t\t\t\n\n\n\n\n\n125000\n\n\n\n45', '2005\t\t\t\t\t\t\t\t\t\n\n\n\n\n\n5000\n\n\n\n45', '2015\t\t\t\t\t\t\t\t\t\n\n\n\n\n\n67000\n\n\n\n70', '1990\t\t\t\t\t\t\t\t\t\n\n\n\n\n\n118000\n\n\n\n45', '5 2000\t\t\t\t\t\t\t\t\t\n\n\n\n\n\n190000\n\n\n\n45', '2015\t\t\t\t\t\t\t\t\t\n\n\n\n\n\n100\n\n\n\n45', '2015\t\t\t\t\t\t\t\t\t\n\n\n\n\n\n48000\n\n\n\n45', '2015\t\t\t\t\t\t\t\t\t\n\n\n\n\n\n18000\n\n\n\n45', '18000\n\n\n\n29000\n\n\n\n45', '1967\t\t\t\t\t\t\t\t\t\n\n\n\n\n\n155000\n\n\n\n45', '38000\n\n\n\n65000\n\n\n\n65']",[]
https://audinashville.com,"['855) 894-6954 \n\n\n\n1576', '855) 894-6954']","['https://www.facebook.com/pages/Audi-Nashville/162522013767116', 'https://twitter.com/audi_nashville', 'https://www.instagram.com/audi/', 'https://www.facebook.com/audidowntownnashville', 'https://twitter.com/AudiDTNashville', 'https://www.instagram.com/AudiDowntownNashville/']"
https://blackdiamondregulatory.com,[],[]
https://drmeganseltz.com,[],[]
https://petexplain.com,[],[]
https://rainbowphillyweddingofficiants.com,['215) 870-3103'],[]
https://sinceremobilephlebotomy.net,[],[]
https://aquamarinejewelrystudio.com,[],[]
https://christinereidphotography.com,[],[]
https://dolphinsdigital.org,[],[]
https://downunderpottery.com,[],[]
https://drrudlin.com,['804-353-1000'],[]
https://interstatetruck.com,[],[]
https://oldfarmhouseprimitives.com,"['76.00\n        \n      \n\n\n\n\n\n\n\n\n\n\n\n\n\n\n3003', '76.00\n        \n      \n\n\n\n\n\n\n\n\n\n\n\n\n\n\n2051', '60.00\n        \n      \n\n\n\n\n\n\n\n\n\n\n\n\n\n\n2009', '2013 - 2025', '60.00\n        \n      \n\n\n\n\n\n\n\n\n\n\n\n\n\n\n3009', '60.00\n        \n      \n\n\n\n\n\n\n\n\n\n\n\n\n\n\n2021', '60.00\n        \n      \n\n\n\n\n\n\n\n\n\n\n\n\n\n\n2020', '+1 717-940-6057']","['https://www.facebook.com/OldFarmhousePrimitives', 'https://www.instagram.com/oldfarmhouseprimitives/']"
https://dskidsermons.com,[],"['https://www.facebook.com/dskidsermons/', 'https://www.facebook.com/dskidsermons/']"
https://autobodiparts.com,"['1 9005 9006 9007', '9 9004 9005', '207 301 307 208 2008 308 408', '168 194 501', '73503657 0281002845 0281002437\n\n (139', '3 9005 9006', '4 9007 9008', '+13237447383']",[]
https://hiddenforestdesign.com,[],[]
https://jahmakingsconstruction.com,[],[]
https://journey2beme.com,[],[]
https://marylandplatingservicinginc.com,[],[]
https://salazarthomas.com,[],[]
https://3lnotary.com,[],[]
https://creativitythroughconstraints.com,[],[]
https://govirtualoffice.com,[],"['https://www.facebook.com/govirtualoffice/', 'https://twitter.com/goVirtualOffic1', 'https://www.linkedin.com/company/govirtualoffice']"
https://origingolf.com,['760) 599-4499'],[]
https://secag.org,['+1 (469) 708-7818'],"['http://www.facebook.com/keenwise', 'https://twitter.com/keenwise_inc']"
https://theburningship.com,[],[]
https://gforcefoundation.com,[],[]
https://limitlesscounselingservices.com,[],[]
https://lodgelivin.com,[],[]
https://sben.org,[],"['https://twitter.com/SBENetwork', 'https://www.linkedin.com/company/southeast-benefits-education-network']"
https://trusted-home-inspection.business.site,[],[]
https://dotsandcubes.com,['813-857-5200'],['https://twitter.com/dotsandcubes']
https://foreverepoxy.com,"['1-(506)-878-1444', '506.850.9956', '506.878.1444']","['https://www.facebook.com/epoxy.forever', 'https://www.facebook.com/epoxy.forever', 'https://www.facebook.com/forever.epoxy/']"
https://gkama.com,[],[]
https://graspinc.org,[],[]
https://realtorhsu.net,[],[]
https://shah-impex.com,[],[]
https://yogawithorly.com,[],[]
https://happydaycreations.net,['561.628.4824'],['https://www.facebook.com/happydaycreations']
https://libanswers.shadygrove.umd.edu,"['301-799-8771', '301-738-6020\n\n\n\n301-738-6020\n\n\n\n\n\n301-799-8771']","['http://www.facebook.com/USGPriddyLibrary', 'http://www.facebook.com/USGPriddyLibrary']"
https://putitontheglass.com,[],[]
https://gougeon.com,[],[]
https://sonicshopper.com,[],[]
https://d30ufu6vr9yoyg.cloudfront.net,['50677\n800-772-2085'],"['http://facebook.com/WartburgCollege', 'https://twitter.com/WartburgCollege', 'https://www.linkedin.com/school/wartburg-college', 'http://instagram.com/wartburgcollege', 'https://www.facebook.com/wartburgcollege', 'https://twitter.com/wartburgcollege', 'https://www.linkedin.com/edu/wartburg-college-20397', 'https://instagram.com/wartburgcollege/']"
https://darstproperties.com,"['781-741-5060', '781-741-9942']",[]
https://teriorr.weebly.com,[],[]
https://worldsframedbywords.com,[],[]
https://auroratechservices.com,[],[]
https://godsministryfellowship.com,[],[]
https://homeworkninjas.com,[],[]
https://vickcarneylaw.com,"['817-596-5533\n817-596-5533', '817-596-5533']",[]
https://azrielassetmgmt.com,"['11234\n\n\n\n\n\n \n718-564-6232', '718-564-6232']",[]
https://carrettausa.com,[],[]
https://puppetheap.com,[],[]
https://marinbaroque.org,"['1600-1750', '415.497.6634']","['https://www.instagram.com/marinbaroque/', 'https://www.facebook.com/marin.baroque']"
https://myacem.com,[],[]
https://par1cleaners.business.site,[],[]
https://acupuncture-oriental-massage.business.site,[],[]
https://bluemercury.com,[],"['https://www.instagram.com/bluemercury/', 'https://www.facebook.com/bluemercury/']"
https://cryptonewsupdate.com,[],[]
https://greenbikerentals.com,[],[]
https://riolentoranch.com,[],[]
https://teambuildergroup.com,[],[]
https://vpropertysolutions.com,['484-202-0710'],"['http://www.facebook.com/vantagepropertysolutions', 'http://www.instagram.com/vantagepropertysolutions']"
https://embodyacupuncture.com,['917.749.2909'],[]
https://neilheffernan.net,[],[]
https://paynespringsumc.org,[],[]
https://castoreclothing.com,[],[]
https://palaciopet.com,[],[]
https://wilkins-grocery.edan.io,['22520\n(804) 493-8660'],[]
https://artandglamstudio.com,[],[]
https://fayreconsulting.com,[],[]
https://it10103.wordpress.com,[],[]
https://overlakecollie.com,[],[]
https://hollytreeservice.net,"['845) 477-2104', '10925\n \n\n\n\n\n(845) 477-2104']","['https://facebook.com/profile.php?id=100091209788929', 'https://instagram.com/hollytreeservice']"
https://lalupitaberwyn.net,[],[]
https://paradiseatlasttravel.com,[],[]
https://pcinapa.com,[],[]
https://sanchez-lawn-care-and-landscaping-services.business.site,[],[]
https://carissahannumtherapy.com,[],[]
https://hometheatersystemgainesville.com,[],[]
https://mctierart.com,['706-699-0660'],"['https://www.facebook.com/mctierart', 'https://twitter.com/McTierArt', 'https://www.instagram.com/mctierart/', 'https://www.linkedin.com/in/jacemctier/']"
https://myfriendsandme.net,[],"['https://www.facebook.com/myfriendsandmeinc', 'https://www.instagram.com/myfriendsandme_inc']"
https://pestcontrolmodestoca.org,[],[]
https://horizon-international.com,[],[]
https://imcl-conference.org,[],[]
https://knickonwood.com,[],[]
https://lukesmma.com,[],[]
https://accubuiltnw.com,['253) 802-4841'],[]
https://carriecrespo.com,[],[]
https://celebaesthetics.com,[],[]
https://dorsettchapel.org,[],[]
https://hudsonlux365.com,['+1(305) 928-0661'],"['https://www.facebook.com/hudsonlux365', 'https://instagram.com/hudsonlux365/']"
https://velabrand.com,[],[]
https://awbrueggemann.com,[],[]
https://rhcapco.com,[],[]
https://bintiboutique.llc,[],[]
https://elegantdjservices.com,[],[]
https://fccherrick.org,[],[]
https://shiftflg.com,[],[]
https://coastaldefense.business.site,[],[]
https://itlogo.net,[],[]
https://southernuc.com,"['912.898.2227', '912-898-2227', '912.898.2230', '843.357.4357', '843.357.4359', '2022-07-06', '2012 - 2025']","['https://www.facebook.com/SouthernUrgentCare', 'https://www.instagram.com/accounts/login/?next=/southernuc31410/', 'https://www.facebook.com/pages/category/Medical-Center/Southern-Urgent-Care-Murrells-Inlet-406197416153236/']"
https://prlassociates.net,[],[]
https://sewardlostlakelodge.com,[],[]
https://cahabacreative.com,[],[]
https://eattacorepublic.com,[],[]
https://ehardts.com,[],[]
https://secondnaturedesignsmv.com,[],[]
https://skgfitness.training,[],[]
https://crazy.builders,[],[]
https://laurafoxreel.com,"['310) 205-5811', '310) 205-5896', '310) 205-5812']",[]
https://littleredfarmhousegifts.net,[],[]
https://msconfinance.com,[],[]
https://reflexdelivery.com,[],[]
https://rollupdoorrepairnyc.com,[],[]
https://yoursbasource.com,[],[]
https://acifund.com,[],[]
https://capricommercialcapital.com,[],[]
https://cherrycreektributaries.com,[],[]
https://amplifiedconcepts.com,['404-386-9801'],"['https://www.facebook.com/AmplifiedConcepts', 'https://www.linkedin.com/company/amplifiedconcepts', 'https://www.instagram.com/amplifiedconcepts/']"
https://marriagecounselingmemphis.com,[],[]
https://silverbaytech.com,[],[]
https://borderwarswrestling.com,[],[]
https://brentwood365.com,"['1995-2025', '618-531-4000', '000)\n1593', '000)\n2904', '000)\n1624', '900)\n1528', '000)\n9019', '000)\n2501', '900)\n1767', '000)\n9149', '300)\n2017', '900)\n2326', '000)\n9104', '500)\n8928', '900)\n8736', '500)\n2408', '000)\n9161', '000)\n9046', '095)\n8903', '000)\n2503', '500)\n8903']",['https://facebook.com/search618']
https://bubsnola.com,[],[]
https://deliverance-ministry-new-york.com,[],[]
https://glovemitten.com,[],[]
https://loudandclaire.com,[],[]
https://myfocuspsych.com,[],[]
https://xpressbenefits.net,['832-569-7828'],[]
https://crestonhousefl.com,[],[]
https://dreamlab.design,['+1 (240) 796-7601'],"['https://www.instagram.com/dreamlab.creative/', 'https://www.facebook.com/dreamlabcreativeideas', 'https://www.linkedin.com/company/80255973', 'https://www.instagram.com/dreamlab.creative/', 'https://www.facebook.com/dreamlabcreativeideas', 'https://www.linkedin.com/company/80255973']"
https://karrgroupco.com,[],[]
https://paigeleblanc.com,[],[]
https://quick9.io,[],[]
https://tefftfoundation.com,[],[]
https://winningham-iron-metal.business.site,[],[]
https://budgetmobilehometransport.com,[],[]
https://fineartsbiz.com,[],[]
https://sammycarlosdelicatessencatering.net,[],[]
https://eventsbyabel.com,[],[]
https://aproa.org,[],[]
https://ftworthepoxyflooring.com,[],[]
https://gsiprint.com,[],[]
https://hellorichmond.net,[],[]
https://highbrow-beauty.com,['605-431-4825'],"['https://www.facebook.com/permanentmakeupbytasia', 'https://www.facebook.com/permanentmakeupbytasia', 'https://www.facebook.com/permanentmakeupbytasia']"
https://kikimo.com,['310) 823 - 6817'],"['https://twitter.com/KikimoInc', 'https://instagram.com/kikimoinc/', 'https://www.facebook.com/kikimoinc/']"
https://krambu.com,[],[]
https://mhkeratin.com,[],[]
https://muhlbauerlab.com,[],[]
https://positivesideofgolf.com,[],[]
https://carolynlewismed.com,[],[]
https://dionisioducusin.com,[],[]
https://forsythvet.com,[],[]
https://hitsforhomeless.com,[],[]
https://innsofcourt.org,[],[]
https://oldtraditiontattoo.com,[],[]
https://phalanxgrpservices.org,[],[]
https://wadeloans.com,"['+1 (726) 200-1005', '726) 200-1005']",[]
https://dbdtravel.net,[],[]
https://easystreetcookies.com,[],[]
https://millarandsons.net,[],[]
https://parklandhairclinic.info,[],[]
https://slrslingshotrentals.com,[],[]
https://atlanticsltd.com,[],[]
https://gooddogsfarm.com,[],[]
https://singinglessonstemecula.com,[],[]
https://ssmobile.store,[],[]
https://atlantanephrologyassociates.com,[],[]
https://brushsolutions.net,[],[]
https://change-points.com,[],[]
https://fkideas.com,[],[]
https://fortcollinsshowerdoor.com,['970-217-9360'],[]
https://pinilishalpern.com,['973) 401-1111 \n\n\n\n\n\n\n\n\n\n\n \n\n\n\n\n160'],[]
https://truelifetx.org,[],[]
https://17thstreetthaisushifl.com,[],[]
https://colonsource.com,[],[]
https://libertybaptist.org,[],[]
https://sunnirey.shop,[],[]
https://cloudspeed24x7.com,[],[]
https://gambittechconsulting.com,[],[]
https://heather-brooks-painted-furniture.ueniweb.com,[],"['https://www.facebook.com/share.php?u=https%3A//heather-brooks-painted-furniture.ueniweb.com&title=Heather%20Brooks%20Painted%20Furniture', 'https://twitter.com/intent/tweet?text=Heather%20Brooks%20Painted%20Furniture&url=https%3A//heather-brooks-painted-furniture.ueniweb.com', 'https://www.facebook.com/share.php?u=https%3A//heather-brooks-painted-furniture.ueniweb.com&title=Heather%20Brooks%20Painted%20Furniture', 'https://twitter.com/intent/tweet?text=Heather%20Brooks%20Painted%20Furniture&url=https%3A//heather-brooks-painted-furniture.ueniweb.com']"
https://ilikeflatroofs.com,[],[]
https://juniorchefsofamerica.org,[],[]
https://kccashbuyer.com,"['816) 804-7783', '816-804-7783']",[]
https://the-chimneymasters.com,[],[]
https://willowglenhomeandgarden.com,[],[]
https://writingonboard.com,['2005-2024'],[]
https://jettbt.com,[],[]
https://medicalcoatings.org,[],[]
https://rightstudents.org,[],[]
https://sofloweb.com,[],[]
https://topbricole.site,[],[]
https://bhmedicalsupplies.com,[],[]
https://carolynsnails.com,[],[]
https://citycanyons.com,[],[]
https://blazingstargrange.org,[],[]
https://cityofmountlaketerrace.com,[],[]
https://globalonefinancialsolutions.com,[],[]
https://handymanexpressservice.net,[],[]
https://kufflet.com,[],[]
https://msjudithsewins.com,[],[]
https://actioncomedyfilms.com,[],[]
https://balancedwellnessami.com,[],[]
https://drcharlieharper.com,[],[]
https://myparee.com,[],[]
https://toothfairycleaningservice.com,[],[]
https://amfaviation.com,[],[]
https://cenladerm.com,[],[]
https://central-texas-mobile-notary-notary-public.business.site,[],[]
https://cryptobroaden.com,[],[]
https://european-deli.com,[],[]
https://redrhinomovers.com,[],[]
https://the-greenwich.com,[],[]
https://thefeldenkraiscenter.com,[],[]
https://asuzus.com,[],[]
https://coltonfamilydental.com,[],[]
https://esihealthcaresolutions.com,[],[]
https://jonfoxmusic.com,[],[]
https://campaigntostopgunviolence.org,[],[]
https://clarionstl.com,[],[]
https://earthrenovation.net,[],[]
https://globaltrustbnk.com,[],[]
https://morenohillssda.org,[],[]
https://romanolawpllc.com,[],[]
https://beaconhillrealtygroup.com,[],[]
https://bodegaunclick.com,[],[]
https://designsbydjflorist.com,"['1\n              \n                2\n              \n                3', '304-736-2550']","['https://www.facebook.com/CustomDesignsbyDJackson/', 'https://www.facebook.com/CustomDesignsbyDJackson/']"
https://hunterdecuir24.com,[],[]
https://mytomisushi.com,['1.310.823.8944'],"['https://www.facebook.com/Tomi-sushi-535509370252851/', 'https://www.instagram.com/mytomisushi/?hl=en', 'https://www.facebook.com/Tomi-sushi-535509370252851/', 'https://www.instagram.com/mytomisushi/?hl=en']"
https://therealbcmg.com,[],[]
https://tvwelove.com,[],[]
https://earthagent.org,[],[]
https://epocheducation.com,['94609510-338-7924'],"['https://www.facebook.com/EpochEducation', 'https://www.instagram.com/epocheducation/', 'https://www.linkedin.com/company/epoch-education-inc/?']"
https://familyintimacy.com,[],[]
https://mompopshop.com,[],[]
https://alibaba-kebab.com,"['716-800-2222', '716-608-3333', '716-919-1111']","['https://www.facebook.com/AlibabaKebab716', 'https://twitter.com/alibabakebab716', 'https://www.instagram.com/alibabakebabbuffalo/?hl=en']"
https://villavieira.com,['818) 878-0300'],[]
https://blueridgechair.com,[],"['https://www.facebook.com/pages/Blue-Ridge-Chair-Works/276930045675311', 'https://www.instagram.com/blueridgechairworks/', 'https://www.facebook.com/pages/Blue-Ridge-Chair-Works/276930045675311', 'https://www.instagram.com/blueridgechairworks/']"
https://dewingscenter.org,['143  \n\n231-768-3519'],"['https://www.facebook.com/sharer/sharer.php?u=https://dewingscenter.org/event/great-lakes-shipwrecks-treasure-hunting-with-ross-richardson/', 'https://twitter.com/share?url=https://dewingscenter.org/event/great-lakes-shipwrecks-treasure-hunting-with-ross-richardson/', 'https://www.linkedin.com/sharing/share-offsite/?url=https://dewingscenter.org/event/great-lakes-shipwrecks-treasure-hunting-with-ross-richardson/', 'https://www.facebook.com/sharer/sharer.php?u=https://dewingscenter.org/event/evening-of-song/', 'https://twitter.com/share?url=https://dewingscenter.org/event/evening-of-song/', 'https://www.linkedin.com/sharing/share-offsite/?url=https://dewingscenter.org/event/evening-of-song/', 'https://www.facebook.com/sharer/sharer.php?u=https://dewingscenter.org/event/fishing-tips-clinic/', 'https://twitter.com/share?url=https://dewingscenter.org/event/fishing-tips-clinic/', 'https://www.linkedin.com/sharing/share-offsite/?url=https://dewingscenter.org/event/fishing-tips-clinic/', 'https://www.facebook.com/DewingsCenter/']"
https://htiyos.com,[],[]
https://keepsakeweddingphotography.com,['812) 250-9883'],"['https://facebook.com/keepsakeweddingphoto/', 'https://instagram.com/keepsakeweddingphoto/', 'https://facebook.com/keepsakeweddingphoto/', 'https://instagram.com/keepsakeweddingphoto/', 'https://facebook.com/keepsakeweddingphoto/', 'https://instagram.com/keepsakeweddingphoto/', 'https://facebook.com/keepsakeweddingphoto/', 'https://instagram.com/keepsakeweddingphoto/', 'https://facebook.com/keepsakeweddingphoto/', 'https://instagram.com/keepsakeweddingphoto/']"
https://maryfrancespencer.com,['818-209-1854'],"['https://www.facebook.com/mary.f.spencer.9/', 'https://www.instagram.com/mf_spencer/']"
https://mjwm225.com,[],[]
https://quality-trucking.com,[],[]
https://truefablespottery.com,[],[]
https://unitedcloudtechnologies.com,[],[]
https://bettygb.com,[],[]
https://jbdecker.com,[],[]
https://royaltylandscapinganddesign.com,[],[]
https://torres-hvac.business.site,[],[]
https://gametableadventures.com,[],[]
https://gov.aiogoconsultingllc.com,[],[]
https://outervisionsdesign.com,[],[]
https://strivelacrosseacademy.com,['+1 (856) 304-8673'],"['https://www.instagram.com/strivelacrosseacademy/?hl=en', 'https://www.instagram.com/strivelacrosseacademy/?hl=en']"
https://analogique.com,[],[]
https://carpetworkshopofohio.com,[],[]
https://maiaschmidt.com,[],[]
https://theconservancyproject.org,[],[]
https://bellocasa.com,"['732.908.2232', '08753 732-908-2232']",[]
https://castor-group.com,[],[]
https://down-southmoving.business.site,[],[]
https://reeleminbaitandtackle.com,"['32958\n(772) 581-1027', '772-581-1027']","['https://www.facebook.com/Reel-Em-In-Bait-Tackle-657340811058678/', 'https://www.facebook.com/Reel-Em-In-Bait-Tackle-657340811058678/', 'https://www.facebook.com/Reel-Em-In-Bait-Tackle-657340811058678/']"
https://thedoorse.com,[],[]
https://abcbni.com,[],[]
https://annatietzhomes.com,[],[]
https://chevrv.com,[],[]
https://cousineauforestproducts.com,[],[]
https://goldenscrollsoloists.com,[],[]
https://greenershinglessanantonio.com,[],[]
https://hillartistry.com,[],[]
https://kcsweep.com,[],[]
https://magarc.org,['497073537139477'],"['https://www.facebook.com/groups/497073537139477/', 'https://www.facebook.com/groups/497073537139477/files/files?__cft__%5b0%5d=AZWV6soAHUG-bCSjBVe3Hwd8gu11wEAPCJYp8sWP1gj9-wHx3Bw5QfyzI6ypjvRPQeBp5dRIRPSkt6Lt1Lj58SLM7ls8d1-IROK63Z6Xjfjd-p4lsYFL2PeTh0zfFnuw7rIeUNirRFyF33QcYW7NnqmoyKxrBgH3pDDmPeGF0hcSAHsQy3a5s15IG2PqCpkl246Dn6Sf1nwXdg1JpQSdA5cU&__tn__=-UK-R']"
https://mazalai.com,['510-309-6812'],"['https://www.linkedin.com/company/mazalai-corp/', 'https://www.facebook.com/mazalaicorp/', 'https://www.instagram.com/mazalai_/']"
https://michaelskuceradentistry.com,[],[]
https://pastashopfresh.com,['510) 547-1423'],"['https://www.instagram.com/markethallfoods', 'https://www.facebook.com/markethallfoods']"
https://rvcoc.org,[],[]
https://statelinekids.com,['2023\t\t\t\t\t\t\t\t\n\n\n\n10'],"['https://facebook.com/statelinekids', 'https://instagram.com/stateline_kids', 'https://www.facebook.com/StatelineKids', 'http://www.instagram.com/stateline_kids']"
https://caninereproductivecenter.com,[],[]
https://kokuanutrition.com,[],[]
https://defioptions.org,[],[]
https://mrsbecerra.com,[],[]
https://royalinvestmentgroupinc.com,[],[]
https://tangles-salon.com,[],[]
https://teitelbaumco.com,[],[]
https://vividsalonmadison.com,[],[]
https://crazypokemiami.com,['786 401 7542'],"['https://www.instagram.com/crazypokemiami', 'https://www.facebook.com/crazypokemiami']"
https://executivecarservicelax.com,['800-878-1995'],[]
https://ubercigar.com.au,"['652 521 821', '30)\r\n                                       3', '1964\n\n\n2020', '25)\r\n                                       2', '1926\n\n\n2004', '0433 771 832', '55)\r\n                                        3']","['https://www.facebook.com/groups/680435820719649/', 'https://www.instagram.com/ubercigar/']"
https://vitalaehealingarts.com,[],[]
https://ambazoniafoundation.org,[],[]
https://cepstone-llc.com,[],[]
https://djs-general-service-llc.business.site,[],[]
https://graphicmontzter.com,[],[]
https://logicworks.cc,['561-202-7477'],[]
https://nsea.org,"['1-800-742-0047', '402-475-7611', '800-742-0047', '402-475-2630']","['https://www.facebook.com/nsea.org', 'https://twitter.com/nsea_org', 'http://www.instagram.com/nsea_org']"
https://rjssigns.com,['12345\n\n\n6789101112\n\n\n13141516171819\n\n\n20212223242526\n\n\n27282930'],[]
https://wheelrepairphoenix.com,['602) 688-2242'],[]
https://lorettola.org,[],[]
https://pdassociation.org,[],[]
https://spots.edu,"['2025\n  \n\n\n    1', '2024\n  \n\n\n    2', '2024\n  \n\n\n    5']","['https://www.facebook.com/saintphotiosseminary/', 'https://www.instagram.com/saintphotiosseminary/?hl=en/', 'https://www.facebook.com/saintphotiosseminary/', 'https://www.instagram.com/saintphotiosseminary/?hl=en/']"
https://centurywebdesign.net,[],[]
https://holehunterindustries.com,[],[]
https://transtekautosales.com,[],[]
https://avdtechnologies.com,['+1 312 598 5611'],[]
https://cifsds.org,[],[]
https://meroscience.org,[],[]
https://runlikeclockwork.com,[],[]
https://themasker.com,"['60016\n1(312)288-8383', '1(312)288-8383']","['https://www.facebook.com/TheMaskerStudio', 'https://www.instagram.com/themaskerstudio/', 'https://www.facebook.com/TheMaskerStudio', 'https://www.instagram.com/themaskerstudio/']"
https://ercc.biz,"['304) 636-1391 2533', '304-636-1391', '304) 636-1391']","['https://www.facebook.com/ElkinsRehabilitationandCareCenter/', 'https://twitter.com/elkrehabcarectr', 'https://www.linkedin.com/company/15579798/']"
https://floridaloansigning.com,[],[]
https://kathrynanndesigns.com,[],"['https://facebook.com/Kathrynanndesignsfun', 'http://instagram.com/kathrynanndesigns']"
https://lynnavo.com,[],[]
https://mejina.net,[],[]
https://rollmanconyers.com,[],[]
https://csquarednetworks.com,[],[]
https://gallerycollage.com,[],[]
https://harvardpsc.com,[],[]
https://osalra.com,[],[]
https://qualifiedportablegarages.com,[],[]
https://enigomusic.com,[],[]
https://harlongroup.com,[],[]
https://marketing-page-lindsey.vercel.app,[],[]
https://reelsafarischarters.com,[],[]
https://rpuma.org,"['386-546-0426', '386-467-9113']",[]
https://theceosalon.com,[],"['https://www.facebook.com/theCEOsalon/', 'https://www.instagram.com/theceosalon/']"
https://whitwell-accounting-llc.business.site,[],[]
https://bellevueisd.org,[],[]
https://denhamsflorist.com,['706) 685-0182'],"['https://www.facebook.com/pages/Denhams-Florist/280490905379085', 'https://instagram.com/denhamsflorist/', 'https://www.facebook.com/pages/Denhams-Florist/280490905379085', 'https://instagram.com/denhamsflorist/']"
https://groundswellglobalresearch.org,[],[]
https://h-glogistics.com,[],[]
https://mtcdz.net,[],[]
https://mtzionbaptistrentz.com,[],"['https://www.facebook.com/sharer/sharer.php?u=https://www.mtzionbaptistrentz.com/events-1/supper-mz-kidz-bible-study-2025-04-02-18-00&quote=Check%20out%20this%20event.%20Hope%20to%20see%20you%20there!', 'https://twitter.com/intent/tweet?url=https://www.mtzionbaptistrentz.com/events-1/supper-mz-kidz-bible-study-2025-04-02-18-00&text=Check%20out%20this%20event.%20Hope%20to%20see%20you%20there!', 'https://www.linkedin.com/shareArticle?mini=true&url=https%3A%2F%2Fwww.mtzionbaptistrentz.com%2Fevents-1%2Fsupper-mz-kidz-bible-study-2025-04-02-18-00', 'https://www.facebook.com/sharer/sharer.php?u=https://www.mtzionbaptistrentz.com/events-1/addington-place-of-dublin-ministry-2025-04-06-15-30&quote=Check%20out%20this%20event.%20Hope%20to%20see%20you%20there!', 'https://twitter.com/intent/tweet?url=https://www.mtzionbaptistrentz.com/events-1/addington-place-of-dublin-ministry-2025-04-06-15-30&text=Check%20out%20this%20event.%20Hope%20to%20see%20you%20there!', 'https://www.linkedin.com/shareArticle?mini=true&url=https%3A%2F%2Fwww.mtzionbaptistrentz.com%2Fevents-1%2Faddington-place-of-dublin-ministry-2025-04-06-15-30', 'https://www.facebook.com/sharer/sharer.php?u=https://www.mtzionbaptistrentz.com/events-1/brotherhood-meeting-2025-04-17-19-00&quote=Check%20out%20this%20event.%20Hope%20to%20see%20you%20there!', 'https://twitter.com/intent/tweet?url=https://www.mtzionbaptistrentz.com/events-1/brotherhood-meeting-2025-04-17-19-00&text=Check%20out%20this%20event.%20Hope%20to%20see%20you%20there!', 'https://www.linkedin.com/shareArticle?mini=true&url=https%3A%2F%2Fwww.mtzionbaptistrentz.com%2Fevents-1%2Fbrotherhood-meeting-2025-04-17-19-00', 'https://www.facebook.com/sharer/sharer.php?u=https://www.mtzionbaptistrentz.com/events-1/sonrise-service&quote=Check%20out%20this%20event.%20Hope%20to%20see%20you%20there!', 'https://twitter.com/intent/tweet?url=https://www.mtzionbaptistrentz.com/events-1/sonrise-service&text=Check%20out%20this%20event.%20Hope%20to%20see%20you%20there!', 'https://www.linkedin.com/shareArticle?mini=true&url=https%3A%2F%2Fwww.mtzionbaptistrentz.com%2Fevents-1%2Fsonrise-service', 'https://www.facebook.com/sharer/sharer.php?u=https://www.mtzionbaptistrentz.com/events-1/easter-worship&quote=Check%20out%20this%20event.%20Hope%20to%20see%20you%20there!', 'https://twitter.com/intent/tweet?url=https://www.mtzionbaptistrentz.com/events-1/easter-worship&text=Check%20out%20this%20event.%20Hope%20to%20see%20you%20there!', 'https://www.linkedin.com/shareArticle?mini=true&url=https%3A%2F%2Fwww.mtzionbaptistrentz.com%2Fevents-1%2Feaster-worship', 'https://www.facebook.com/sharer/sharer.php?u=https://www.mtzionbaptistrentz.com/events-1/vbs-2025-true-north-1&quote=Check%20out%20this%20event.%20Hope%20to%20see%20you%20there!', 'https://twitter.com/intent/tweet?url=https://www.mtzionbaptistrentz.com/events-1/vbs-2025-true-north-1&text=Check%20out%20this%20event.%20Hope%20to%20see%20you%20there!', 'https://www.linkedin.com/shareArticle?mini=true&url=https%3A%2F%2Fwww.mtzionbaptistrentz.com%2Fevents-1%2Fvbs-2025-true-north-1', 'https://www.facebook.com/sharer/sharer.php?u=https://www.mtzionbaptistrentz.com/events-1/valentines-banquet&quote=Check%20out%20this%20event.%20Hope%20to%20see%20you%20there!', 'https://twitter.com/intent/tweet?url=https://www.mtzionbaptistrentz.com/events-1/valentines-banquet&text=Check%20out%20this%20event.%20Hope%20to%20see%20you%20there!', 'https://www.linkedin.com/shareArticle?mini=true&url=https%3A%2F%2Fwww.mtzionbaptistrentz.com%2Fevents-1%2Fvalentines-banquet', 'https://www.facebook.com/mtzion.baptistchurch.10/']"
https://myzerly.com,[],[]
https://yroox.com,[],[]
https://evadoyle.com,[],[]
https://liveatmontclairapt.com,"['844) 599-1596', '98252\n(844) 599-1596']","['https://www.facebook.com/TheMichaelsOrg', 'https://www.facebook.com/TheMichaelsOrg']"
https://montereypeninsulaelderlyhome.com,[],[]
https://ogawadesign.com,[],[]
https://allyourblogging.com,['9725371126'],[]
https://drariatirakic.com,[],[]
https://harperfinancialassociates.com,[],[]
https://lonepeakdoodles.com,['858)-314-8332'],[]
https://schoi.mit.edu,[],[]
https://coralgablesrealestatefl.com,[],[]
https://studentvetinsurance.com,['3608520914'],"['https://www.facebook.com/wix', 'https://twitter.com/Wix', 'https://www.linkedin.com/company/wix-com']"
https://totalseal.com,[],"['https://www.facebook.com/totalseal.pistonrings/', 'https://www.instagram.com/total.seal/']"
https://vghgroup.org,[],[]
https://aiesteam.org,[],[]
https://beckynadesan.com,[],[]
https://coricarl.com,[],['https://twitter.com/sheepdontswim']
https://fivestaracsd.com,[],[]
https://returndeals.net,['612) 207-3540'],[]
https://banconex.com,[],[]
https://energy-health-oriental-massage.business.site,[],[]
https://jerkkingsnj.com,[],[]
https://kingfisherseo.com,[],[]
https://hoodriverclothing.com,[],[]
https://satyasilence.com,[],[]
https://slushpoolglobal.com,[],[]
https://trbism.com,[],[]
https://informatichiamoci.it,[],[]
https://mghomeremodelling.info,[],[]
https://mysavagenails.love,[],[]
https://smallislandent.com,[],[]
https://winecheeseandfivemoreminutes.com,[],[]
https://frenchlakeautoparts.com,[],[]
https://imageworksdirect.com,"['800.777.1663', '608.662.4112']","['https://www.facebook.com/imageworksdirect', 'https://www.instagram.com/imageworksdirect/', 'https://www.linkedin.com/company/image-works-direct']"
https://matthaynes.uk,[],[]
https://montcapitalpartners.com,[],[]
https://valleymedicalinstitute.com,"['203) 378-2210', '203-378-2210', '800) 886-8773']",[]
https://downeygroupllc.com,[],[]
https://ravenshire-llc.com,[],[]
https://academyofamazement.com,[],[]
https://amlimdrmarina.com,['310.775.6760\n\n\n\r\n                            4242'],[]
https://focusmedicalbillingservices.com,[],[]
https://hueboost.com,[],"['https://www.facebook.com/Hue-Boost-LLC-107173007758428', 'https://www.instagram.com/hue_boost/']"
https://sgdesignshouston.com,[],[]
https://108production.com,[],[]
https://creativehealthplans.com,[],[]
https://fitcivic.com,[],[]
https://penchiroclinic.com,"['360-385-4900', '360) 385-4900']","['https://www.facebook.com/peninsulachiropracticclinic/', 'https://www.facebook.com/peninsulachiropracticclinic/']"
https://rmiflooring.com,[],[]
https://smv-inc.com,[],[]
https://stevensfamilyfarm.webs.com,[],[]
https://arbca.com,[],[]
https://divinemomentsdaycare.com,[],[]
https://ncca-inc.com,[],[]
https://thebentleyparkcommunityassociation.org,[],[]
https://whaleygfx.com,[],[]
https://ccspatherapies.com,['858.209.1682'],[]
https://fine-art-construction.business.site,[],[]
https://lesliehaywood-moore.online,[],[]
https://mrdurant.weebly.com,[],[]
https://neptune-society.com,['169.150.199.100'],[]
https://beehivebargains.com,[],[]
https://cheftea.com,[],[]
https://gabeyandell.com,[],[]
https://hericonstructionllc.com,"['631) 603-1898', '11784 \n\xa0(631) 603-1898']",[]
https://oddwomannailsandmore.com,[],[]
https://northwest-georgia-regional-commission.business.site,[],[]
https://thej3group.com,[],[]
https://hotlink2019.com,[],[]
https://brian-hollenbeck.com,[],[]
https://internationalmediasupply.com,[],[]
https://jackjewelryinc.com,[],[]
https://pacificelectric.biz,[],[]
https://skylinevisioncare.com,[],[]
https://timhalberg.com,[],[]
https://maido-shimizuya.com,[],[]
https://ancientcityappraisals.com,[],[]
https://bzzster.com,[],[]
https://caring-hands-seniorsolutionsgroupinc.business.site,[],[]
https://cdl-express.com,[],[]
https://hearthstoneproperty.com,[],[]
https://kourco.com,[],[]
https://ortsac.com,[],[]
https://pioneerpropertydevelopment.com,[],"['https://www.facebook.com/pioneerpropertydevelopment', 'https://www.facebook.com/pioneerpropertydevelopment']"
https://toptok.info,[],[]
https://batesdds.com,[],[]
https://peakdds.com,[],[]
https://stickerdreams.com,[],[]
https://webranium.co.uk,[],[]
https://wwnboa.org,[],[]
https://americanguardrailsupply.com,[],[]
https://dablawoffice.com,[],[]
https://fedorovfilms.com,[],[]
https://charleygasparlandscapingllc.com,[],[]
https://masterguyscardetail.com,[],[]
https://post32nc.org,[],[]
https://coloradolivingblog.com,[],[]
https://concordncwildliferemoval.com,[],[]
https://ihostnewyork.com,[],[]
https://jmbusinesspartners.com,[],[]
https://sapphiresleepovers.squarespace.com,[],[]
https://yokohamayakitorikoubou.com,[],[]
https://briggsmobiledetailing.com,[],[]
https://kairios.com,[],[]
https://lemongrassmichigan.com,[],[]
https://pawsinmotionla.com,[],[]
https://uniqueservices.us,[],[]
https://curtistaylorart.com,[],[]
https://directtransportsys.com,[],[]
https://finishingtouch.contractors,[],[]
https://independenthotelmarketinggroup.com,[],[]
https://sandiegorealestatejobs.net,[],[]
https://belanshion.com,[],[]
https://healthtrustpg.com,[],[]
https://hillcreststoragetn.com,[],[]
https://lloydfeinberg.com,[],[]
https://tiffin24.com,[],[]
https://advancedbiblicalstudies.net,[],[]
https://aesgoldmine.com,[],[]
https://alldolledupspabus.com,[],[]
https://amairportparking.com,[],[]
https://cstyled.com,[],[]
https://intlselfstorage.com,[],[]
https://marinavillageharbor.com,[],[]
https://nynjelevator.com,[],[]
https://gamepcfull.com,['1.576.537.0'],[]
https://impaxinc.com,[],[]
https://nachonomics.com,[],[]
https://romangalloway.com,[],[]
https://safetychain.com,['94945 888-235-7540'],"['https://www.linkedin.com/company/safetychain-software/', 'https://www.facebook.com/safetychain/', 'https://www.twitter.com/safetychain']"
https://flatpondpublishing.com,[],[]
https://fsb-int.com,"['2021-01-05', '+1 614-354-2919', '+82 010-4371-8569']",[]
https://hallmemphis.org,[],[]
https://howellci.com,"['802-279-6093', '066.0132014', '044.0132659']",[]
https://kalamazoomijobs.com,[],[]
https://lammrubenstone.com,[],[]
https://mygentxt.org,[],"['https://www.facebook.com/home.php#!/pages/GentXt/126974930683972', 'https://twitter.com/tulsa_gentxt']"
https://mingchienliang.com,[],[]
https://mlfcare.org,[],[]
https://mq3labs.com,[],[]
https://nymphyacht.com,[],[]
https://oneononesc.com,[],[]
https://pattikavanagh.massagetherapy.com,"['716-799-2878\t\t\t\t\t241', '716-799-2878\n241']",[]
https://pearlandcounseling.com,[],[]
https://simplythaidining.com,"['510) 793-1698\n\n\n6295', '510) 793-1698']",[]
https://alphaquorumstore.com,[],[]
https://baxland.com,[],[]
https://befeni-usa.com,[],[]
https://chugiak.org,['2025-03-19 15'],[]
https://hangtownkc.org,['530) 622-6909'],[]
https://myrtlebeach.city,[],[]
https://wordofgodokc.com,[],[]
https://bigdiamondpools.com,"['713) 242-9033', '77042\n\n\n\n \n8406', '713-242-9033', '77379\n\n\n\n \n1716']",['https://www.facebook.com/profile.php?id=100054351198418']
https://brynbachman.com,[],[]
https://bytheseat.com,[],[]
https://gentleconfections.com,[],"['https://www.instagram.com/gentleconfections/', 'https://www.facebook.com/GentleConfections']"
https://hairdesigners-hairsalon.business.site,[],[]
https://poocheshouseboutique.com,[],[]
https://thermproutah.com,[],[]
https://yttangsoodo.com,['972-941-45502165'],"['https://www.facebook.com/profile.php?id=100063741063411', 'https://www.facebook.com/profile.php?id=100063741063411']"
https://barbaranichols.org,['408-550-3315'],[]
https://big-dog-boarding.business.site,[],[]
https://kiddnap.com,[],[]
https://kiplearningandactivitycenter.com,[],[]
https://thecheapghostwriter.com,[],[]
https://blacknewengland.org,[],[]
https://drfconaway.com,[],[]
https://flash-wingo.com,[],[]
https://getrazuzz.com,[],[]
https://oneforallartists.com,[],[]
https://sanctuaryfarmphila.org,"['2337-2347', '267) 703-0194']","['https://www.facebook.com/SanctuaryFarmPhila/', 'https://www.instagram.com/sanctuaryfarmphila/']"
https://crabhouse39.com,[],[]
https://latinoyouthoutreach.org,[],"['https://www.facebook.com/profile.php?id=100084752890001&mibextid=ZbWKwL', 'https://www.instagram.com/latinoyouthoutreach?igshid=NmE0MzVhZDY=', 'https://www.linkedin.com/in/joseph-paniagua-a67034268', 'https://www.twitter.com/@latinoyouth', 'https://www.facebook.com/profile.php?id=100084752890001&mibextid=ZbWKwL', 'https://www.instagram.com/latinoyouthoutreach?igshid=NmE0MzVhZDY=', 'https://www.linkedin.com/in/joseph-paniagua-a67034268', 'https://www.twitter.com/@latinoyouth']"
https://reignvolleyball.com,[],[]
https://wibidata.com,[],[]
https://diecutstickers.com,['206) 816-3421'],"['https://www.facebook.com/diecutstickers', 'https://www.instagram.com/diecutstickersdotcom/']"
https://mbcollegeguidance.com,[],[]
https://thecollectiveeffect.org,[],[]
https://dentaltalentnow.com,[],[]
https://edgeinsurance.biz,[],[]
https://awlsnap.com,['2\n\n\n\n\n\n\n\n\n              1\n            \n              2'],"['https://www.facebook.com/awlsnap', 'http://www.instagram.com/awlsnap', 'https://www.facebook.com/awlsnap', 'http://www.instagram.com/awlsnap']"
https://bgkinvestments.com,[],[]
https://haciendailusionpr.com,['787) 354-5005'],"['https://www.facebook.com/HaciendaIlusionPR/', 'https://www.instagram.com/haciendailusion/']"
https://hawaii432.com,['808-688-6855'],[]
https://usconstructgroup.com,[],[]
https://wheeinc.com,[],[]
https://dafacargo.com,[],[]
https://mahoganyvacations.com,[],[]
https://stangerfabllc.com,[],[]
https://troychurch.net,"['3-4)                                                   (2', '2023\t          0']","['https://www.facebook.com/pages/Troy-Church-of-Christ-Troy-Michigan/177466729614', 'https://twitter.com/TroyChurchofC', 'https://www.facebook.com/pages/Troy-Church-of-Christ-Troy-Michigan/177466729614', 'https://twitter.com/TroyChurchofC', 'https://www.facebook.com/pages/Troy-Church-of-Christ-Troy-Michigan/177466729614', 'https://twitter.com/TroyChurchofC', 'https://www.facebook.com/pages/Troy-Church-of-Christ-Troy-Michigan/177466729614', 'https://twitter.com/TroyChurchofC', 'https://twitter.com/TroyChurchofC', 'https://www.facebook.com/pages/Troy-Church-of-Christ-Troy-Michigan/177466729614', 'http://twitter.com/home?status=https://troychurch.net/node/1257', 'http://www.facebook.com/sharer.php?u=https://troychurch.net/node/1257', 'http://www.linkedin.com/shareArticle?mini=true&url=https://troychurch.net/node/1257&title=WHO CAN BE CHRISTS DISCIPLE? (MATTHEW 10:32-39) Kenny Burtch&summary={articleSummary}&source=https://troychurch.net', 'http://twitter.com/home?status=https://troychurch.net/node/1256', 'http://www.facebook.com/sharer.php?u=https://troychurch.net/node/1256', 'http://www.linkedin.com/shareArticle?mini=true&url=https://troychurch.net/node/1256&title= DO YOU KNOW GOD OR JUST KNOW ABOUT GOD? (2 THESSALONIANS 1:7,8)  Kenny Burtch&summary={articleSummary}&source=https://troychurch.net', 'http://twitter.com/home?status=https://troychurch.net/node/1255', 'http://www.facebook.com/sharer.php?u=https://troychurch.net/node/1255', 'http://www.linkedin.com/shareArticle?mini=true&url=https://troychurch.net/node/1255&title=""MY GOD AND I (PSALM 24:1-5) By: Kenny Burtch&summary={articleSummary}&source=https://troychurch.net', 'http://twitter.com/home?status=https://troychurch.net/node/1245', 'http://www.facebook.com/sharer.php?u=https://troychurch.net/node/1245', 'http://www.linkedin.com/shareArticle?mini=true&url=https://troychurch.net/node/1245&title=  STRESS OR DISTRESS    By: Kenny Burtch                                                       (2 PETER 1:3-4)                                                   (2 CORINTHIANS 4:8-12)&summary={articleSummary}&source=https://troychurch.net', 'https://twitter.com/TroyChurchofC', 'https://www.facebook.com/pages/Troy-Church-of-Christ-Troy-Michigan/177466729614']"
https://anthonymarlowe.com,[],[]
https://avonnylocksmith.com,['585) 299-1038'],['https://twitter.com/avonnylock']
https://exaintelligence.com,['414) 840-8800'],[]
https://mannexcavating.com,['707-799-4711'],[]
https://miqrotech.com,['+1(832)269-6639'],['https://www.linkedin.com/jobs/search/?f_C=10604931&geoId=92000000']
https://morrisholmes.com,['630-525-1350'],[]
https://rfacapitalcorp.com,"['914) 393-4509', '2023-03-29']","['https://www.instagram.com/rfacapital/', 'https://www.instagram.com/rfacapital/', 'https://www.instagram.com/rfacapital/', 'https://www.instagram.com/rfacapital/', 'https://www.instagram.com/p/Cr38miVvfe-/', 'https://www.instagram.com/p/CqvxcVzP82R/', 'https://www.instagram.com/p/CqXCr70sg1C/', 'https://www.instagram.com/p/CqXCk28MBcY/', 'https://www.instagram.com/p/CqXCdBhMC3u/', 'https://www.instagram.com/p/CqXCU6BshbP/', 'https://www.instagram.com/p/CqXCO1isdgx/', 'https://www.instagram.com/rfacapital/', 'https://www.instagram.com/rfacapital/']"
https://ameecleaning.com,"['785) 565 0000', '785) 565-0000']",[]
https://cindywalker.com,"['479) 857-1041', '2010\n2011\n2012\n2013\n2014\n2015\n2016\n2017\n2018\n2019\n2020\n2021\n2022\n2023\n2024\n2025\n2026\n2027\n2028\n2029\n2030', '479) 967-2983', '479) 967-6969']",['http://www.facebook.com/people/Cindy-Baker-Walker/616985612']
https://fivestarpoollinerswilliamstown.com,[],[]
https://sustainableracine.org,[],[]
https://clearmirrorhealing.wordpress.com,[],"['https://www.facebook.com/ClearMirrorHealing/?ref=hl', 'https://www.facebook.com/ClearMirrorHealing', 'https://www.facebook.com/ClearMirrorHealing']"
https://d-l-roofing-and-construction-llc.business.site,[],[]
https://lealvideoproductions.com,[],[]
https://rubpage.com,['562) 588-3853'],['https://twitter.com/fbsmguide']
https://sagacitystays.com,[],[]
https://valezio.com,[],[]
